product_id,product_name,category,price,rating
P0,Decentralized next generation capacity,Electronics,29.14,4.1
P1,Inverse 5thgeneration help-desk,Sports,386.89,3.6
P2,Business-focused 3rdgeneration leverage,Home,153.08,4.8
P3,Adaptive impactful intranet,Home,210.16,4.3
P4,Up-sized zero tolerance frame,Sports,428.84,4.6
P5,Reverse-engineered clear-thinking application,Electronics,428.82,4.1
P6,Cross-group scalable definition,Sports,288.13,4.9
P7,Adaptive human-resource orchestration,Beauty,40.44,4.6
P8,Switchable homogeneous migration,Sports,13.01,4.9
P9,Fully-configurable 24/7 methodology,Home,114.1,4.4
P10,Virtual leadingedge architecture,Sports,192.31,3.8
P11,User-centric motivating software,Home,422.06,4.1
P12,Persistent scalable alliance,Home,196.5,4.7
P13,Re-contextualized didactic function,Beauty,195.01,3.6
P14,Integrated value-added knowledgebase,Electronics,30.25,4.7
P15,Future-proofed high-level middleware,Electronics,17.14,4.7
P16,Right-sized multi-state access,Home,150.17,4.7
P17,Front-line reciprocal synergy,Home,165.71,4.4
P18,Robust 3rdgeneration product,Home,164.27,3.6
P19,Exclusive well-modulated moderator,Beauty,318.26,4.2
P20,User-friendly national help-desk,Electronics,322.96,3.7
P21,Multi-lateral next generation emulation,Home,243.54,4.3
P22,Fully-configurable maximized attitude,Beauty,315.67,4.3
P23,Streamlined incremental implementation,Clothing,218.14,4.6
P24,Progressive bi-directional info-mediaries,Home,327.27,4.5
P25,Decentralized transitional benchmark,Clothing,204.24,3.5
P26,Automated fresh-thinking standardization,Beauty,251.1,3.6
P27,Networked interactive system engine,Clothing,329.1,3.9
P28,Fundamental context-sensitive database,Electronics,45.74,3.6
P29,Switchable fresh-thinking attitude,Sports,495.24,4.1
P30,Advanced contextually-based neural-net,Home,469.52,3.5
P31,Object-based executive array,Sports,92.64,3.9
P32,Expanded holistic help-desk,Clothing,205.58,3.5
P33,Secured static monitoring,Home,410.57,4.2
P34,Multi-tiered eco-centric knowledge user,Home,23.19,3.7
P35,Focused uniform functionalities,Sports,199.25,3.8
P36,Fully-configurable interactive superstructure,Electronics,229.21,4.8
P37,Future-proofed logistical focus group,Beauty,344.86,4.0
P38,Triple-buffered 6thgeneration encoding,Electronics,28.25,4.7
P39,Implemented bi-directional moratorium,Sports,382.01,4.5
P40,Automated tertiary workforce,Beauty,61.97,4.0
P41,Secured composite initiative,Clothing,227.6,4.4
P42,Optimized mobile adapter,Sports,364.27,4.3
P43,Open-source responsive instruction set,Home,451.76,4.8
P44,Compatible next generation capacity,Sports,165.78,4.6
P45,Adaptive modular concept,Clothing,488.83,4.0
P46,Advanced secondary Internet solution,Sports,297.7,3.8
P47,Integrated multimedia service-desk,Clothing,397.61,5.0
P48,Optimized logistical customer loyalty,Electronics,51.12,4.8
P49,Centralized global support,Sports,16.6,4.7
