Recency,Frequency,Monetary,R_Score,F_Score,M_Score
22,5,10137.74,4,3,5
52,4,2070.5,3,2,1
61,4,5702.26,3,2,3
99,5,3323.15,2,3,2
34,4,5828.22,4,2,3
63,3,2988.8,3,1,1
183,5,4884.38,1,3,3
22,8,5966.14,4,5,3
127,7,7409.02,1,4,4
98,3,3979.96,2,1,2
93,3,1896.9,2,1,1
20,11,14865.39,4,5,5
50,4,1977.59,3,2,1
93,3,3678.78,2,1,2
41,4,5166.61,3,2,3
50,8,10389.97,3,5,5
128,7,10617.37,1,4,5
71,6,9631.36,2,4,5
31,4,6070.37,4,2,3
57,5,4329.33,3,3,2
43,3,4005.43,3,1,2
67,5,4621.54,2,3,2
155,3,2568.81,1,1,1
158,2,3402.52,1,1,2
83,4,3039.54,2,2,1
111,7,7213.02,1,4,4
59,5,5895.34,3,3,3
20,6,6709.47,4,4,4
78,4,4062.61,2,2,2
13,10,11973.87,5,5,5
65,5,6097.21,2,3,3
18,4,3689.45,4,2,2
27,8,8623.61,4,5,5
49,7,11594.04,3,4,5
82,3,1889.73,2,1,1
26,4,2282.93,4,2,1
75,4,3797.73,2,2,2
95,4,7625.57,2,2,4
25,5,4334.49,4,3,2
101,8,7877.09,2,5,4
11,5,2817.29,5,3,1
29,3,4389.11,4,1,2
301,1,92.64,1,1,1
7,5,6603.97,5,3,4
23,8,11641.16,4,5,5
100,3,2351.23,2,1,1
61,8,8924.53,3,5,5
22,5,4768.5,4,3,3
15,6,6492.69,5,4,4
9,4,2722.68,5,2,1
97,10,9329.95,2,5,5
41,4,3731.16,3,2,2
60,3,4794.74,3,1,3
58,5,6052.97,3,3,3
152,2,3100.02,1,1,1
16,9,10834.67,4,5,5
66,3,3591.09,2,1,2
14,8,9144.57,5,5,5
54,7,6744.68,3,4,4
39,6,6077.24,3,4,3
32,7,9241.67,4,4,5
25,4,5425.24,4,2,3
5,3,4296.2,5,1,2
19,9,9022.29,4,5,5
282,2,2644.31,1,1,1
5,6,5923.37,5,4,3
136,5,7226.48,1,3,4
7,5,5766.24,5,3,3
23,5,5696.04,4,3,3
69,6,9296.33,2,4,5
56,2,3603.05,3,1,2
18,7,12439.5,4,4,5
45,6,6323.43,3,4,3
35,2,1928.52,4,1,1
87,4,3313.08,2,2,2
120,3,2693.64,1,1,1
92,3,1598.62,2,1,1
15,4,7428.11,5,2,4
273,2,4765.69,1,1,3
107,2,2255.85,1,1,1
67,4,8425.88,2,2,4
1,5,7060.98,5,3,4
10,8,6687.99,5,5,4
1,4,4620.37,5,2,2
21,7,8924.93,4,4,5
51,7,12378.42,3,4,5
39,3,3962.2,3,1,2
106,3,5148.01,1,1,3
36,7,6738.92,3,4,4
9,5,6523.33,5,3,4
52,5,3454.35,3,3,2
54,6,4205.34,3,4,2
40,6,8117.54,3,4,4
131,2,2521.02,1,1,1
8,8,12763.6,5,5,5
87,4,4772.01,2,2,3
18,4,4366.97,4,2,2
27,3,2696.74,4,1,1
117,5,5356.13,1,3,3
42,5,4240.64,3,3,2
3,6,5281.48,5,4,3
69,3,4384.31,2,1,2
16,8,10494.2,4,5,5
10,7,8692.06,5,4,5
71,4,6061.72,2,2,3
31,5,4881.71,4,3,3
5,10,8246.69,5,5,4
69,5,2618.5,2,3,1
241,3,5478.56,1,1,3
89,6,5169.46,2,4,3
134,3,3471.38,1,1,2
298,3,2734.27,1,1,1
70,5,6533.49,2,3,4
93,2,1997.96,2,1,1
20,4,2609.32,4,2,1
35,9,12769.68,4,5,5
18,4,3897.69,4,2,2
145,3,2479.11,1,1,1
18,9,13142.23,4,5,5
58,5,8838.4,3,3,5
30,4,4810.65,4,2,3
66,4,6051.15,2,2,3
73,4,3590.56,2,2,2
118,6,6730.44,1,4,4
12,3,3200.82,5,1,2
3,5,4388.24,5,3,2
47,8,14724.05,3,5,5
9,5,3720.31,5,3,2
35,3,2927.54,4,1,1
1,8,7102.67,5,5,4
97,4,4886.2,2,2,3
89,6,6619.74,2,4,4
108,2,1622.28,1,1,1
12,7,5341.34,5,4,3
112,6,12677.82,1,4,5
20,7,5065.04,4,4,3
2,7,8688.98,5,4,5
42,2,1938.72,3,1,1
51,5,4375.94,3,3,2
66,3,3756.29,2,1,2
54,2,3162.07,3,1,2
1,7,5744.52,5,4,3
22,8,12742.31,4,5,5
2,9,8615.23,5,5,5
106,3,5163.76,1,1,3
39,6,11971.2,3,4,5
88,4,5158.86,2,2,3
153,4,6334.05,1,2,3
68,1,318.26,2,1,1
57,5,7452.49,3,3,4
74,3,3452.93,2,1,2
18,4,7318.12,4,2,4
136,7,10242.85,1,4,5
47,7,7785.41,3,4,4
24,6,2858.98,4,4,1
77,7,10679.85,2,4,5
33,7,7933.9,4,4,4
186,2,3160.5,1,1,2
205,6,8521.17,1,4,4
10,4,4157.21,5,2,2
89,3,4039,2,1,2
1,7,5884.49,5,4,3
33,6,8191.83,4,4,4
103,2,1761.57,2,1,1
68,5,3327.02,2,3,2
42,5,5854.28,3,3,3
22,4,4805.03,4,2,3
85,5,7102.27,2,3,4
20,13,19570.9,4,5,5
64,7,7418.01,2,4,4
44,3,2916.05,3,1,1
76,4,7157.56,2,2,4
105,4,2284.71,2,2,1
183,2,2373.75,1,1,1
95,3,3327.4,2,1,2
50,9,11803.24,3,5,5
1,4,2780.35,5,2,1
40,8,10510.79,3,5,5
42,5,7601.44,3,3,4
180,4,6386.57,1,2,3
11,6,4933.38,5,4,3
69,6,7785.87,2,4,4
20,6,7464.09,4,4,4
54,2,2417.78,3,1,1
65,4,4155.76,2,2,2
118,5,5535.65,1,3,3
92,9,10115.47,2,5,5
60,5,4743.33,3,3,3
19,6,6024.13,4,4,3
28,4,4803.21,4,2,3
14,7,8242.72,5,4,4
10,8,10510.94,5,5,5
40,6,6462.25,3,4,4
16,4,4159.66,4,2,2
10,2,1757.52,5,1,1
51,6,4137.49,3,4,2
100,3,3900.16,2,1,2
7,9,4340.73,5,5,2
12,6,8591.06,5,4,5
6,9,18524.88,5,5,5
129,4,499.85,1,2,1
64,5,6782.6,2,3,4
33,4,6196.87,4,2,3
40,10,11310.21,3,5,5
18,8,8505.76,4,5,4
60,7,7009.21,3,4,4
56,1,327.27,3,1,1
26,5,4787.85,4,3,3
73,4,4702.12,2,2,2
72,4,5489.75,2,2,3
109,7,6510.35,1,4,4
55,3,2408.35,3,1,1
83,4,4921.16,2,2,3
1,6,9170.87,5,4,5
2,7,8677.87,5,4,5
39,14,17652.87,3,5,5
21,8,10295.8,4,5,5
78,6,5860.5,2,4,3
95,6,10094.98,2,4,5
64,4,5036.33,2,2,3
16,8,4573.24,4,5,2
23,10,11879.19,4,5,5
67,5,7248.84,2,3,4
48,6,5044.08,3,4,3
157,5,7339.62,1,3,4
122,6,10876.17,1,4,5
4,5,4953.77,5,3,3
100,5,8313.01,2,3,4
50,6,8564.1,3,4,5
71,8,8844.92,2,5,5
68,5,8220.23,2,3,4
5,3,4033.7,5,1,2
21,4,6343.57,4,2,3
5,1,102.24,5,1,1
134,4,868.62,1,2,1
34,6,7858.53,4,4,4
15,4,2012.54,5,2,1
23,3,2475.81,4,1,1
31,5,6595.93,4,3,4
5,3,3191.66,5,1,2
70,3,1726.12,2,1,1
38,5,3130.4,3,3,1
22,7,10154.05,4,4,5
27,7,8979.94,4,4,5
19,3,2581.93,4,1,1
34,4,4326.03,4,2,2
5,6,7823.25,5,4,4
350,2,1876.49,1,1,1
14,4,4231.18,5,2,2
28,3,1681.59,4,1,1
111,6,10678.57,1,4,5
65,5,3855.44,2,3,2
7,7,6977.48,5,4,4
40,6,6250.55,3,4,3
76,8,10755.08,2,5,5
186,3,3839.63,1,1,2
105,2,1917.72,2,1,1
71,3,2769.06,2,1,1
10,6,9219.64,5,4,5
13,6,7489.81,5,4,4
42,9,13676.69,3,5,5
59,2,2896.77,3,1,1
87,2,2743.77,2,1,1
129,5,4145.3,1,3,2
2,6,2996.04,5,4,1
93,6,6933.93,2,4,4
23,5,3047.09,4,3,1
68,7,8119.14,2,4,4
1,4,3497.91,5,2,2
65,5,7951.4,2,3,4
28,5,6334.01,4,3,3
55,7,8450.48,3,4,4
305,1,342.3,1,1,1
100,2,3237.84,2,1,2
156,1,165.78,1,1,1
54,9,6167.42,3,5,3
54,3,2926.18,3,1,1
75,4,3602.29,2,2,2
45,5,3157.34,3,3,2
9,3,2688.18,5,1,1
30,9,6153.1,4,5,3
56,7,11550.59,3,4,5
73,10,10341.19,2,5,5
143,1,1585.62,1,1,1
90,3,3064.24,2,1,1
341,2,1651.59,1,1,1
5,9,10968.35,5,5,5
146,2,609.17,1,1,1
12,4,4851.33,5,2,3
98,6,3625.5,2,4,2
73,3,2887.31,2,1,1
10,4,2284.3,5,2,1
32,6,4027.44,4,4,2
204,4,3090.31,1,2,1
269,1,2130.18,1,1,1
9,6,7932.43,5,4,4
10,8,6647.29,5,5,4
4,5,7575.96,5,3,4
16,5,7236.57,4,3,4
58,7,8760.88,3,4,5
12,3,3391.07,5,1,2
63,4,4164.57,3,2,2
31,4,4662.3,4,2,2
62,5,6978.67,3,3,4
33,4,2920.63,4,2,1
71,4,6027.37,2,2,3
9,11,10578.52,5,5,5
13,6,9562.11,5,4,5
27,4,7052.09,4,2,4
169,1,631.65,1,1,1
275,1,963.61,1,1,1
74,4,4433.45,2,2,2
33,7,5840.78,4,4,3
17,3,2021.7,4,1,1
2,5,4040.27,5,3,2
17,11,13241.55,4,5,5
78,4,9963.32,2,2,5
11,7,4598.82,5,4,2
99,3,3398.82,2,1,2
21,6,8850.03,4,4,5
92,1,1621.4,2,1,1
72,8,12341.23,2,5,5
28,8,9269.85,4,5,5
270,3,4383.61,1,1,2
9,7,8335.6,5,4,4
86,4,2658.67,2,2,1
307,3,5694.21,1,1,3
10,6,6447.2,5,4,4
84,4,4349.13,2,2,2
43,6,6095.66,3,4,3
48,8,11885.85,3,5,5
63,7,8550.27,3,4,5
16,7,8480.91,4,4,4
82,5,8588.21,2,3,5
17,2,1292.77,4,1,1
187,4,4197.46,1,2,2
196,3,1864.78,1,1,1
38,7,8933.2,3,5,5
20,5,6622.82,4,3,4
119,5,5306.85,1,3,3
9,3,5264.5,5,1,3
80,3,2339.01,2,1,1
26,5,5076.13,4,3,3
123,2,2563.74,1,1,1
271,2,2136.62,1,1,1
224,5,5461.67,1,3,3
27,2,839.98,4,1,1
250,3,2947.71,1,1,1
3,8,3718.21,5,5,2
100,5,9166.86,2,3,5
92,8,10431.94,2,5,5
61,4,2967.02,3,2,1
6,6,10011.09,5,4,5
3,5,7621.75,5,3,4
13,8,9658.05,5,5,5
4,6,6529.44,5,4,4
19,6,7026.95,4,4,4
185,4,3164.09,1,2,2
43,5,7619.05,3,3,4
60,4,5900.68,3,2,3
15,5,4341.61,5,3,2
150,1,1929.15,1,1,1
2,4,5020.98,5,2,3
36,2,3116.72,3,1,1
65,3,2361.33,2,1,1
19,6,8356.72,4,4,4
58,6,8992.22,3,4,5
5,7,10737.06,5,5,5
7,9,8218.07,5,5,4
14,5,5396.61,5,3,3
20,1,773.74,4,1,1
33,3,4029.19,4,1,2
141,5,7627.08,1,3,4
52,6,4873.99,3,4,3
23,7,8573.95,4,5,5
245,3,3714.65,1,1,2
68,2,1831.48,2,1,1
55,6,6876.65,3,4,4
23,8,8590.59,4,5,5
121,6,7786.21,1,4,4
52,10,20862.8,3,5,5
33,8,14225.81,4,5,5
20,5,6118.78,4,3,3
13,4,3865.71,5,2,2
80,4,3504.92,2,2,2
4,7,9307.88,5,5,5
38,6,7682.38,3,4,4
115,4,4299.27,1,2,2
80,5,7471.07,2,3,4
47,3,5456.61,3,1,3
109,6,10260.43,1,4,5
211,3,1960.98,1,1,1
165,2,2578.97,1,1,1
1,6,4044.69,5,4,2
111,5,7471.11,1,3,4
183,4,7076.74,1,2,4
51,4,4000.72,3,2,2
6,7,12553.17,5,5,5
5,9,9535.38,5,5,5
120,4,1500.64,1,2,1
18,11,10331.4,4,5,5
113,4,3316.96,1,2,2
120,4,4427.17,1,2,2
117,2,1105.5,1,1,1
245,3,2261.56,1,1,1
89,1,3107.76,2,1,1
27,8,12360.02,4,5,5
85,5,5223.49,2,3,3
1,5,3191.72,5,3,2
53,9,10306.33,3,5,5
58,2,1931.66,3,1,1
137,3,3811.16,1,1,2
14,5,8140.34,5,3,4
58,6,6789.79,3,4,4
6,5,5667.47,5,3,3
115,3,1587.97,1,1,1
101,9,6799.52,2,5,4
66,4,5671.57,2,2,3
241,2,4437.7,1,1,2
126,4,5612.35,1,2,3
67,4,6713.18,2,2,4
155,5,6298.44,1,3,3
41,2,3566.02,3,1,2
33,5,8713.1,4,3,5
71,6,6802.72,2,4,4
118,8,16243.23,1,5,5
188,4,3719.85,1,2,2
41,8,10256.85,3,5,5
10,7,7797.76,5,5,4
116,3,5726.46,1,1,3
11,5,6399.56,5,3,3
147,6,5239.85,1,4,3
7,3,5837.24,5,1,3
72,8,10769.08,2,5,5
75,2,2220.01,2,1,1
30,5,6146.63,4,3,3
46,3,2964.02,3,1,1
94,7,9804.24,2,5,5
111,5,5358.89,1,3,3
115,3,3125.82,1,1,1
35,4,6853.67,4,2,4
80,4,3541.7,2,2,2
116,4,5912.65,1,2,3
69,7,9729.68,2,5,5
6,7,9209.78,5,5,5
47,4,4522.94,3,2,2
164,4,5329.93,1,2,3
37,6,7885.59,3,4,4
123,4,4108.52,1,2,2
42,10,13641.21,3,5,5
38,5,6163.26,3,3,3
186,5,8094.91,1,3,4
25,7,10294.34,4,5,5
45,6,8277.67,3,4,4
33,10,9093.33,4,5,5
35,2,1762.65,4,1,1
99,5,9042.41,2,3,5
131,4,3248.16,1,2,2
167,7,8921.71,1,5,5
173,5,5018.77,1,3,3
58,5,7478.41,3,3,4
313,3,4434.15,1,1,2
28,5,5921.75,4,3,3
113,7,8541.19,1,5,5
8,7,8972.95,5,5,5
196,3,2434.27,1,1,1
3,5,6262.61,5,3,3
236,3,3448.59,1,1,2
45,4,2259.34,3,2,1
46,3,4021.96,3,1,2
11,5,5340.85,5,3,3
17,9,9335.33,4,5,5
92,5,5520.69,2,3,3
36,8,10184.43,3,5,5
58,5,3960.06,3,3,2
36,5,7367.03,3,3,4
2,5,3943.94,5,3,2
34,3,4770.19,4,1,3
15,2,4470.92,5,1,2
184,4,3353.21,1,2,2
42,4,5530.65,3,2,3
26,6,6241.97,4,4,3
16,7,7476.92,4,5,4
217,1,894.73,1,1,1
1,2,508.79,5,1,1
346,1,1929.33,1,1,1
65,3,4609.49,2,1,2
48,4,4094.74,3,2,2
188,3,3447.96,1,1,2
79,6,4655.32,2,4,2
52,5,7906.61,3,3,4
63,4,6371.18,3,2,3
90,2,3330.77,2,1,2
43,3,2976.06,3,1,1
34,5,6126.73,4,3,3
47,9,13548.06,3,5,5
39,4,6417.14,3,2,3
69,2,2425.84,2,1,1
2,6,5961.14,5,4,3
43,6,10457.34,3,4,5
23,4,4063.72,4,2,2
14,5,7742.06,5,3,4
48,1,1548.52,3,1,1
62,5,5030.71,3,3,3
99,4,4753.42,2,2,3
16,3,4659.93,4,1,2
96,3,4894.02,2,1,3
63,5,7466.16,3,3,4
55,9,11849.31,3,5,5
76,7,5944.24,2,5,3
96,5,9498.47,2,3,5
26,9,8478.89,4,5,4
35,4,8476.9,4,2,4
63,7,8292.72,3,5,4
4,6,9736.53,5,4,5
4,5,8699.76,5,3,5
35,5,7138.04,4,3,4
54,3,3996.54,3,1,2
190,7,8400.03,1,5,4
164,3,3281.17,1,1,2
5,5,7785.4,5,3,4
3,6,7205.86,5,4,4
297,2,2802.02,1,1,1
17,4,3773.91,4,2,2
145,4,6071.84,1,2,3
31,5,5921.01,4,3,3
129,6,7964.39,1,4,4
10,7,9895.92,5,5,5
99,6,9186.47,2,4,5
37,5,6329.63,3,3,3
41,5,8352.08,3,3,4
55,3,4111.15,3,1,2
55,3,4887.15,3,2,3
8,8,8794.28,5,5,5
54,7,9787.17,3,5,5
107,2,724.94,1,1,1
28,7,7018.52,4,5,4
141,5,7606.68,1,3,4
47,6,6341.84,3,4,3
5,12,12679.25,5,5,5
47,3,4712.51,3,2,3
3,10,6105.61,5,5,3
30,5,7104.03,4,3,4
21,5,8914.04,4,3,5
63,6,4857.98,3,4,3
26,6,10342.66,4,4,5
14,7,7871.92,5,5,4
38,4,6119.12,3,2,3
18,6,6592.21,4,4,4
4,5,9520.98,5,3,5
5,5,7112.9,5,3,4
71,6,4900.68,2,4,3
4,6,4260.71,5,4,2
74,4,3837.85,2,2,2
49,7,8160.02,3,5,4
117,7,8141.94,1,5,4
54,4,4694.78,3,2,2
3,7,11479.58,5,5,5
24,6,7046.4,4,4,4
145,4,4466.65,1,2,2
200,5,3526.19,1,3,2
88,5,4993.88,2,3,3
90,3,3571.84,2,2,2
5,8,11751.38,5,5,5
56,3,2884.79,3,2,1
14,3,5627.8,5,2,3
87,6,3542.65,2,4,2
42,2,1528.27,3,1,1
102,5,7345.43,2,3,4
86,3,3987.52,2,2,2
18,6,4787.64,4,4,3
115,4,3710.65,1,2,2
46,6,7497.05,3,4,4
53,5,6221.84,3,3,3
22,4,4739.44,4,2,3
88,6,10559,2,4,5
11,9,9830.28,5,5,5
65,3,2667.57,2,2,1
88,10,11497.84,2,5,5
250,1,2151.94,1,1,1
117,2,1824.8,1,1,1
58,7,10278.68,3,5,5
157,3,2053.99,1,2,1
43,5,9345.46,3,3,5
55,5,3858.87,3,3,2
14,4,7428.13,5,2,4
92,6,9716.05,2,4,5
120,6,7502.11,1,4,4
2,8,9547.49,5,5,5
106,7,7467.02,1,5,4
113,8,10955.29,1,5,5
50,8,7485.82,3,5,4
60,4,6166.94,3,2,3
66,2,3960.76,2,1,2
153,4,6192.06,1,2,3
18,10,18392.94,4,5,5
79,6,7728.4,2,4,4
52,8,9917.73,3,5,5
122,2,1223.2,1,1,1
99,7,6680.78,2,5,4
18,4,5223.37,4,2,3
262,2,4860.14,1,1,3
27,9,9573.1,4,5,5
11,8,11110.37,5,5,5
38,6,3188.6,3,4,2
79,5,4628.43,2,3,2
5,4,3036.84,5,2,1
27,4,4447.53,4,2,2
30,4,6240.11,4,2,3
49,6,7748.66,3,4,4
17,8,5116.07,4,5,3
45,6,5364.65,3,4,3
82,3,1628.84,2,2,1
131,6,5940.67,1,4,3
11,4,4632.34,5,2,2
124,2,4776.34,1,1,3
20,7,3750.88,4,5,2
175,5,7956.12,1,3,4
77,2,1334.68,2,1,1
15,9,11282.27,5,5,5
215,2,1990.77,1,1,1
24,5,4027.81,4,3,2
16,7,9996.07,4,5,5
1,3,3468.6,5,2,2
46,5,4313,3,3,2
54,1,1724.06,3,1,1
48,10,8106.16,3,5,4
152,4,8559.13,1,2,5
34,3,4127.69,4,2,2
19,6,9354.78,4,4,5
11,9,7397.27,5,5,4
33,5,7361.41,4,3,4
34,6,8199.77,4,4,4
26,10,10782.54,4,5,5
66,4,5033.28,2,2,3
20,6,6749.41,4,4,4
3,9,12527.43,5,5,5
273,2,557.99,1,1,1
35,4,7029.29,4,2,4
177,2,1916.62,1,1,1
37,6,8035.64,3,4,4
49,5,5055.54,3,3,3
160,2,2514.79,1,1,1
4,7,7984.7,5,5,4
72,5,6302.43,2,3,3
38,6,6521.43,3,4,4
10,8,8943.77,5,5,5
38,3,3842.94,3,2,2
27,1,654.42,4,1,1
117,7,6539.68,1,5,4
18,8,8676.02,4,5,5
61,3,2845.94,3,2,1
58,3,4334.36,3,2,2
39,6,5457.09,3,4,3
15,4,3340.15,5,2,2
22,3,2617.18,4,2,1
31,7,11066.35,4,5,5
1,6,4106.8,5,4,2
206,3,3837.76,1,2,2
3,7,6899.46,5,5,4
60,4,4668.03,3,2,2
49,8,6714.18,3,5,4
88,2,441.37,2,1,1
22,5,5476.52,4,3,3
8,5,7197.82,5,3,4
11,4,4325.95,5,2,2
23,5,4336.44,4,3,2
22,10,10500.66,4,5,5
68,4,2153.7,2,2,1
100,3,2577.74,2,2,1
143,2,1585.39,1,1,1
9,6,7931.1,5,4,4
16,8,11103.85,4,5,5
11,8,6855.59,5,5,4
28,8,10534.37,4,5,5
4,2,1426.57,5,1,1
7,3,1408.47,5,2,1
6,12,18058.27,5,5,5
19,5,4508.81,4,3,2
55,3,5612.44,3,2,3
73,2,945.95,2,1,1
11,5,7351.47,5,3,4
34,5,7582.96,4,3,4
64,3,2473.84,2,2,1
54,6,7294.36,3,4,4
4,6,4358.65,5,4,2
21,13,16597.55,4,5,5
11,6,6851.75,5,4,4
63,6,5016.86,3,4,3
7,6,5975.37,5,4,3
6,7,6675.94,5,5,4
7,6,8345.13,5,4,4
3,4,4848.01,5,2,3
50,7,8655.77,3,5,5
26,9,9744.63,4,5,5
41,9,9153.77,3,5,5
18,4,3398.74,4,2,2
122,4,3122.81,1,2,1
35,6,2759.33,4,4,1
199,4,8238.63,1,2,4
14,8,8665.45,5,5,5
33,4,5917.12,4,2,3
47,7,8128.06,3,5,4
3,7,6148.34,5,5,3
73,3,1582.2,2,2,1
17,3,3298.96,4,2,2
7,2,4152.39,5,1,2
17,11,12902.2,4,5,5
84,5,7057.27,2,3,4
31,5,5888.66,4,3,3
12,6,8105.39,5,4,4
8,10,15520.58,5,5,5
83,10,11575.37,2,5,5
14,2,2096.67,5,1,1
72,5,7266.29,2,3,4
42,8,5960.09,3,5,3
117,4,6925.27,1,2,4
47,5,6114.79,3,3,3
52,4,7320.08,3,2,4
268,4,4193.42,1,2,2
14,3,4108.91,5,2,2
117,4,4710.09,1,2,3
20,4,5567.99,4,2,3
96,6,7700.32,2,4,4
58,4,4023.99,3,2,2
20,4,4549.95,4,2,2
10,4,3006.98,5,2,1
43,6,5818.06,3,4,3
70,3,2979.71,2,2,1
115,9,9627.37,1,5,5
30,9,4860.69,4,5,3
32,6,7882.76,4,4,4
10,7,7131.59,5,5,4
131,4,2643.04,1,2,1
8,5,2251.09,5,3,1
118,4,2244.97,1,2,1
11,5,8014.14,5,3,4
27,4,3186.66,4,2,2
38,2,1209.05,3,1,1
38,3,3455.19,3,2,2
107,6,6368.71,1,4,3
22,8,7681.04,4,5,4
6,5,4774.76,5,3,3
39,8,9349.54,3,5,5
73,8,13740.93,2,5,5
117,6,5055.07,1,4,3
10,5,7469.17,5,3,4
130,3,862.28,1,2,1
186,5,3080.13,1,3,1
14,4,3061.03,5,2,1
25,2,1045.18,4,1,1
94,2,5767.59,2,1,3
145,2,379.3,1,1,1
13,7,7449.05,5,5,4
24,3,5221.8,4,2,3
9,4,7661.58,5,2,4
34,10,12467.39,4,5,5
23,5,7748.9,4,3,4
237,4,3839.74,1,2,2
27,4,4210.3,4,2,2
28,5,6423.96,4,3,3
339,3,1725.77,1,2,1
81,5,8603.14,2,3,5
35,7,4486.3,4,5,2
262,3,2417.95,1,2,1
42,9,13745.34,3,5,5
24,4,4850.27,4,2,3
9,5,6645.76,5,3,4
64,5,3123.63,2,3,1
39,5,7387.41,3,3,4
20,8,10910.39,4,5,5
38,5,3801.56,3,3,2
20,6,5123.07,4,4,3
173,5,4732.23,1,3,3
4,10,16299.81,5,5,5
78,3,6358.24,2,2,3
230,2,1568.73,1,1,1
162,6,7184.11,1,4,4
34,9,8126.14,4,5,4
269,2,534.14,1,1,1
26,2,2859.92,4,1,1
128,5,8320.89,1,3,4
20,5,4645.06,4,3,2
7,7,11150.92,5,5,5
75,4,6543.17,2,2,4
45,7,7453.32,3,5,4
94,5,3951.7,2,3,2
3,7,9118.81,5,5,5
141,1,84.75,1,1,1
3,4,4228.28,5,3,2
46,6,8369.14,3,4,4
9,3,6542.06,5,2,4
69,7,5412.74,2,5,3
33,4,3628.21,4,3,2
88,3,4487.49,2,2,2
266,2,1283.75,1,1,1
25,4,3533.6,4,3,2
48,4,5197.15,3,3,3
102,3,4142.11,2,2,2
8,9,10747.22,5,5,5
99,7,9662.89,2,5,5
7,5,6774.09,5,3,4
91,2,4126.89,2,1,2
65,2,1401.96,2,1,1
12,5,8027.94,5,3,4
222,1,1160.67,1,1,1
7,6,8974.99,5,4,5
65,4,3404.76,2,3,2
12,6,8835.97,5,4,5
59,7,7521.43,3,5,4
87,4,4597.73,2,3,2
160,5,6195.93,1,3,3
110,3,3674.59,1,2,2
99,7,7857.03,2,5,4
31,12,9012.24,4,5,5
169,4,3983.7,1,3,2
64,5,6438.74,2,3,3
51,4,5745.48,3,3,3
40,9,12610.62,3,5,5
32,4,3074.17,4,3,1
18,11,14673.52,4,5,5
62,6,5788.7,3,4,3
21,5,4523.95,4,4,2
13,11,14911.34,5,5,5
125,5,5893.86,1,4,3
173,3,4757.24,1,2,3
2,4,5781.08,5,3,3
111,4,4198.14,1,3,2
154,1,342.58,1,1,1
34,6,5907.36,4,4,3
86,5,4163.38,2,4,2
1,6,6538.8,5,4,4
71,6,5248,2,4,3
20,3,3081.82,4,2,1
54,7,5544.25,3,5,3
144,4,6653.04,1,3,4
17,7,10505.02,4,5,5
12,7,12148.43,5,5,5
162,2,2495.24,1,1,1
11,4,3598.11,5,3,2
28,5,7267.8,4,4,4
6,7,8099.62,5,5,4
54,2,2873.27,3,1,1
37,2,3290.03,3,1,2
53,6,6860.27,3,4,4
109,3,2620.02,1,2,1
101,3,2982.95,2,2,1
75,3,4448.06,2,2,2
139,1,1273.54,1,1,1
84,4,6757.3,2,3,4
16,4,7341.07,4,3,4
240,2,2947.62,1,1,1
177,5,6484.19,1,4,4
90,6,6924.5,2,4,4
46,4,3278.39,3,3,2
117,2,1961.98,1,1,1
69,3,4735.45,2,2,3
270,2,4008.22,1,1,2
98,5,5961.09,2,4,3
22,3,5992.65,4,2,3
3,3,1672,5,2,1
28,5,6046.67,4,4,3
66,11,6834.65,2,5,4
151,6,12445.02,1,4,5
57,4,4247.66,3,3,2
105,3,6671.86,2,2,4
22,5,5235.21,4,4,3
20,5,5334.63,4,4,3
12,14,14867.16,5,5,5
82,6,6553.76,2,4,4
3,8,12767.27,5,5,5
18,1,91.48,4,1,1
36,5,5562.81,3,4,3
3,4,2876.54,5,3,1
21,7,9903.39,4,5,5
66,1,367.48,2,1,1
28,6,6073.01,4,4,3
99,7,10739.81,2,5,5
302,2,2021.31,1,1,1
3,7,9910.6,5,5,5
64,6,10851.85,2,4,5
71,5,6119.55,2,4,3
54,3,2435.4,3,2,1
181,1,1870.5,1,1,1
14,5,7031.34,5,4,4
39,10,12637.68,3,5,5
7,4,3102.73,5,3,1
70,4,4107.96,2,3,2
81,4,5727.75,2,3,3
105,5,4632.19,2,4,2
12,5,6943.07,5,4,4
30,7,7062.98,4,5,4
134,10,15068.87,1,5,5
27,6,6178.25,4,4,3
211,1,879.33,1,1,1
85,8,7472.53,2,5,4
46,6,10008.77,3,4,5
126,2,1893.16,1,1,1
20,2,2741.25,4,1,1
160,4,2189.64,1,3,1
122,4,3221.18,1,3,2
121,2,3265.34,1,1,2
19,4,1962.07,4,3,1
146,4,3953.77,1,3,2
94,3,3837.8,2,2,2
24,5,5819.44,4,4,3
159,2,2307.48,1,1,1
35,7,9067.08,4,5,5
35,2,2049.42,4,1,1
65,2,4320.22,2,1,2
36,6,10061.58,3,4,5
113,6,5981,1,4,3
144,1,1427.37,1,1,1
108,8,9245.86,1,5,5
241,1,1920.49,1,1,1
68,3,4399.56,2,2,2
79,8,10927.77,2,5,5
32,4,4814.44,4,3,3
5,3,4707.42,5,2,2
37,10,8590.1,3,5,5
317,2,2444.01,1,1,1
70,4,3137.76,2,3,1
227,4,3976.83,1,3,2
60,5,3500.1,3,4,2
41,9,10265.69,3,5,5
13,2,1494.77,5,1,1
109,4,4288.41,1,3,2
338,1,1774.44,1,1,1
243,1,2379.33,1,1,1
2,4,3856.67,5,3,2
5,4,4817.9,5,3,3
46,5,3949.11,3,4,2
1,8,11801.98,5,5,5
27,6,6771.55,4,4,4
82,4,3502.82,2,3,2
26,4,2951.94,4,3,1
21,6,6444.34,4,4,4
7,5,7241.11,5,4,4
73,6,6449.76,2,4,4
30,6,10592.97,4,4,5
100,4,8235.93,2,3,4
92,4,3633.24,2,3,2
17,4,4657.3,4,3,2
79,5,8404.4,2,4,4
56,3,4011.02,3,2,2
75,7,5142.75,2,5,3
165,6,4646.15,1,4,2
62,6,9413.89,3,4,5
8,4,5883.5,5,3,3
152,3,4852.5,1,2,3
57,4,4714.6,3,3,3
30,9,13053.38,4,5,5
55,4,5929.68,3,3,3
1,7,12842.8,5,5,5
228,4,3443.19,1,3,2
66,7,7152.31,2,5,4
69,2,3243.67,2,1,2
104,7,9010.27,2,5,5
50,7,7554.23,3,5,4
16,5,5564.09,4,4,3
2,6,7890.7,5,4,4
11,5,6263.78,5,4,3
71,2,2982.48,2,1,1
7,4,4741.02,5,3,3
28,7,5396.1,4,5,3
138,6,6051.98,1,4,3
116,3,2523.71,1,2,1
135,3,3070.72,1,2,1
100,2,4473.44,2,1,2
8,4,5249.46,5,3,3
46,6,7071.87,3,4,4
61,5,5246.56,3,4,3
15,5,9138,5,4,5
33,6,9127.13,4,4,5
38,9,10588.42,3,5,5
63,4,6382.91,3,3,3
15,8,8794.58,5,5,5
76,3,3997.2,2,2,2
26,3,3991.55,4,2,2
12,9,8019.36,5,5,4
61,4,2402.9,3,3,1
8,4,4872.93,5,3,3
14,4,2719.46,5,3,1
104,3,6808.44,2,2,4
8,7,7708.96,5,5,4
65,4,2027.4,2,3,1
24,8,6438.59,4,5,3
4,4,4103.12,5,3,2
76,2,3370.33,2,1,2
153,4,5818.46,1,3,3
117,3,2684.52,1,2,1
286,4,5362.06,1,3,3
14,5,7078.25,5,4,4
89,3,3424.29,2,2,2
