user_id,Recency,Frequency,Monetary,R_Score,F_Score,M_Score,name,city
U0,22,5,10137.74,4,3,5,Nicole Archer,North Jasmine
U1,52,4,2070.5,3,2,1,Jose Perez,Meyersville
U10,61,4,5702.26,3,2,3,Frank Walton,Petersonbury
U100,99,5,3323.15,2,3,2,Jennifer Hardin,New Stacyville
U101,34,4,5828.22,4,2,3,Cynthia Ward,Martinezton
U102,63,3,2988.8,3,1,1,Stephen Matthews,North Darleneshire
U103,183,5,4884.38,1,3,3,Stephanie Hill,Chandlertown
U104,22,8,5966.14,4,5,3,Annette Anderson,South Karaberg
U105,127,7,7409.02,1,4,4,Johnathan Shaffer,Lake Ronald
U106,98,3,3979.96,2,1,2,Robert Thompson,Lake Andrewton
U107,93,3,1896.9,2,1,1,Grant Bradley,Davidton
U108,20,11,14865.39,4,5,5,Thomas Vang,Joseshire
U109,50,4,1977.59,3,2,1,Austin Atkinson,East Donnahaven
U11,93,3,3678.78,2,1,2,Elizabeth Kim,West Robert
U110,41,4,5166.61,3,2,3,Edward Byrd,South Catherine
U111,50,8,10389.97,3,5,5,Kayla Hensley,Grantview
U112,128,7,10617.37,1,4,5,Christine Peterson,Tylerstad
U113,71,6,9631.36,2,4,5,Jessica Martinez,Brendabury
U114,31,4,6070.37,4,2,3,Leslie Allen,Jacksontown
U115,57,5,4329.33,3,3,2,Kenneth Rodriguez,West Melissa
U116,43,3,4005.43,3,1,2,Robert Parker,New Markstad
U117,67,5,4621.54,2,3,2,Bradley Delacruz,Jasonstad
U118,155,3,2568.81,1,1,1,Katherine King,Leeside
U119,158,2,3402.52,1,1,2,Amanda Alvarado,Seanmouth
U12,83,4,3039.54,2,2,1,Jason Lee,Millerland
U120,111,7,7213.02,1,4,4,Veronica Dean,Riveraberg
U121,59,5,5895.34,3,3,3,Rodney Gay,South Kevin
U122,20,6,6709.47,4,4,4,Julie Garcia,Schmidthaven
U123,78,4,4062.61,2,2,2,Michelle Lee,West Lindaborough
U124,13,10,11973.87,5,5,5,Andrew Roberts,Lake Donnaberg
U125,65,5,6097.21,2,3,3,Matthew Jimenez,South Aprilchester
U126,18,4,3689.45,4,2,2,Richard Davidson,East Garybury
U127,27,8,8623.61,4,5,5,Tiffany Cruz,Jarvisshire
U128,49,7,11594.04,3,4,5,Madeline Hubbard,North Betty
U129,82,3,1889.73,2,1,1,Steven Wheeler,East Robertberg
U13,26,4,2282.93,4,2,1,Nancy Nelson,South Kevinberg
U130,75,4,3797.73,2,2,2,Charles Woods,South Thomas
U131,95,4,7625.57,2,2,4,Angelica Ramirez,West Jennifer
U132,25,5,4334.49,4,3,2,Renee Davis,Zacharyton
U133,101,8,7877.09,2,5,4,Omar Jensen,North Josephville
U134,11,5,2817.29,5,3,1,Paul Montgomery,South Michaelmouth
U135,29,3,4389.11,4,1,2,Shannon Dixon,North Christopherport
U136,301,1,92.64,1,1,1,William Higgins,New Amychester
U137,7,5,6603.97,5,3,4,Donna Riley,Lake Brianside
U138,23,8,11641.16,4,5,5,Richard Mcdonald,Lake Robert
U139,100,3,2351.23,2,1,1,Ruth Holt,Paynechester
U14,61,8,8924.53,3,5,5,Eric Stafford,Claudiaview
U140,22,5,4768.5,4,3,3,Erik Petty,West Tracy
U141,15,6,6492.69,5,4,4,Kenneth Wall,Kimfurt
U142,9,4,2722.68,5,2,1,Michelle Peters,Williamsmouth
U143,97,10,9329.95,2,5,5,Gerald Cook,Timothyfort
U144,41,4,3731.16,3,2,2,Dr. Adam Peterson,North Katherine
U145,60,3,4794.74,3,1,3,Brian Jones,Andersonville
U146,58,5,6052.97,3,3,3,Alexander Higgins,South Elizabeth
U147,152,2,3100.02,1,1,1,Dorothy Davis,Palmerside
U148,16,9,10834.67,4,5,5,Michael Hooper,Angelaside
U149,66,3,3591.09,2,1,2,Alyssa James,Davisbury
U15,14,8,9144.57,5,5,5,Christine Johnson,North Erin
U150,54,7,6744.68,3,4,4,Christopher Chaney,Stephanieshire
U151,39,6,6077.24,3,4,3,Alex Haley,North Laura
U152,32,7,9241.67,4,4,5,Dean Powell,Danielhaven
U153,25,4,5425.24,4,2,3,Kathleen Frost,Thompsonfurt
U154,5,3,4296.2,5,1,2,Erin Davenport,New Christopherchester
U155,19,9,9022.29,4,5,5,Brooke Alexander,Joshuaton
U156,282,2,2644.31,1,1,1,Matthew Hernandez,Angelachester
U157,5,6,5923.37,5,4,3,Heather Randall,Brownfurt
U158,136,5,7226.48,1,3,4,Monique Hess,Munozborough
U159,7,5,5766.24,5,3,3,Kenneth Long,South Patricia
U16,23,5,5696.04,4,3,3,Jennifer Martinez,East Jennifer
U160,69,6,9296.33,2,4,5,Ashley Reyes,West Colleen
U161,56,2,3603.05,3,1,2,Christine King,Lake Matthewborough
U162,18,7,12439.5,4,4,5,Katherine Pratt,South Walterfurt
U163,45,6,6323.43,3,4,3,Sheryl Green,Rochaport
U164,35,2,1928.52,4,1,1,Katrina Pennington,Glennview
U165,87,4,3313.08,2,2,2,Kenneth Dawson,Robertoberg
U166,120,3,2693.64,1,1,1,Amy Fletcher,Rothfort
U167,92,3,1598.62,2,1,1,Angela Tucker,Walkermouth
U168,15,4,7428.11,5,2,4,Charles Williams,Millsborough
U169,273,2,4765.69,1,1,3,Robert Turner,Ernestchester
U17,107,2,2255.85,1,1,1,Lisa Wheeler,Port Richard
U170,67,4,8425.88,2,2,4,Anne Palmer,West Katherinehaven
U171,1,5,7060.98,5,3,4,Julian Weber,East Monicahaven
U172,10,8,6687.99,5,5,4,Jennifer Pena,Timothyville
U173,1,4,4620.37,5,2,2,Steven Morris,Luisfort
U174,21,7,8924.93,4,4,5,Danielle Travis,New Lisaburgh
U175,51,7,12378.42,3,4,5,Stacy Hicks,Alexfurt
U176,39,3,3962.2,3,1,2,Kyle Olson,East Ethanburgh
U177,106,3,5148.01,1,1,3,Dawn Kennedy,Port Kimberly
U178,36,7,6738.92,3,4,4,Lance Johnson,Garzamouth
U179,9,5,6523.33,5,3,4,Mark French,Miguelhaven
U18,52,5,3454.35,3,3,2,Dr. Gregory Brown,Port Roberto
U180,54,6,4205.34,3,4,2,April Sanchez,South Wendy
U181,40,6,8117.54,3,4,4,Edward Moore,Port Brittany
U182,131,2,2521.02,1,1,1,Angela Summers,Scotttown
U183,8,8,12763.6,5,5,5,Miranda Bell,Port John
U184,87,4,4772.01,2,2,3,Alexander Wilson,West Johnville
U185,18,4,4366.97,4,2,2,Jennifer Cortez,Josephberg
U186,27,3,2696.74,4,1,1,Wendy Oconnor,Lake Brianfort
U187,117,5,5356.13,1,3,3,David Johnson,South Nataliefort
U188,42,5,4240.64,3,3,2,Samuel Wilkerson,Brookemouth
U189,3,6,5281.48,5,4,3,Tristan Myers,New Kevin
U19,69,3,4384.31,2,1,2,Dawn Cardenas,Port Jennifer
U190,16,8,10494.2,4,5,5,Heather Black,Wilsonborough
U191,10,7,8692.06,5,4,5,Tara Patterson,Lake Robinland
U192,71,4,6061.72,2,2,3,Nicole Gordon,Wisemouth
U193,31,5,4881.71,4,3,3,Matthew Harper,West Brianshire
U194,5,10,8246.69,5,5,4,Sarah King,Latashaview
U195,69,5,2618.5,2,3,1,Latasha Martinez,Port Heather
U196,241,3,5478.56,1,1,3,Michelle Perry,West Zachary
U197,89,6,5169.46,2,4,3,Hannah Hill,Port Victorton
U198,134,3,3471.38,1,1,2,Kayla Noble,East Nathaniel
U199,298,3,2734.27,1,1,1,Holly Bonilla,Toddfurt
U2,70,5,6533.49,2,3,4,Mary Alexander,Johnnyside
U20,93,2,1997.96,2,1,1,Brian Barrett,Kirstenchester
U200,20,4,2609.32,4,2,1,James Brown,North Maryborough
U201,35,9,12769.68,4,5,5,Cody Anderson,Lake Brandon
U202,18,4,3897.69,4,2,2,Stephanie Terry,South Kaylatown
U203,145,3,2479.11,1,1,1,Jade Hardin,New Eddiestad
U204,18,9,13142.23,4,5,5,Theresa Lopez,Ruthbury
U205,58,5,8838.4,3,3,5,Courtney Thompson,Randyberg
U206,30,4,4810.65,4,2,3,Connie Krause,Kennethville
U207,66,4,6051.15,2,2,3,Billy Baxter,Sarafort
U208,73,4,3590.56,2,2,2,Suzanne Miller,Lake Nicole
U209,118,6,6730.44,1,4,4,Michelle Sheppard,Nicoleview
U21,12,3,3200.82,5,1,2,Timothy Rodriguez,Whiteview
U210,3,5,4388.24,5,3,2,Patrick Middleton,Port Monica
U211,47,8,14724.05,3,5,5,Savannah Johnson,Jimmyland
U212,9,5,3720.31,5,3,2,Sylvia Lee,Johntown
U213,35,3,2927.54,4,1,1,Robert Hernandez,New Gregorystad
U214,1,8,7102.67,5,5,4,Joyce Taylor,West Christopher
U215,97,4,4886.2,2,2,3,Michelle Morton,West Taramouth
U216,89,6,6619.74,2,4,4,Kathleen Anderson,Amyshire
U217,108,2,1622.28,1,1,1,Sandra Wood,Port John
U218,12,7,5341.34,5,4,3,Daniel Williams,Whitemouth
U219,112,6,12677.82,1,4,5,Tammy Hale,North Sandrastad
U22,20,7,5065.04,4,4,3,Thomas Reyes,New Deborahhaven
U220,2,7,8688.98,5,4,5,Lisa Fowler,Brownside
U221,42,2,1938.72,3,1,1,William Wilson,Carrmouth
U222,51,5,4375.94,3,3,2,Linda Jones,Andrewsburgh
U223,66,3,3756.29,2,1,2,Christina Brown,New John
U224,54,2,3162.07,3,1,2,Daniel Pena,Meganborough
U225,1,7,5744.52,5,4,3,Mrs. Caitlin Mueller,Jonesborough
U226,22,8,12742.31,4,5,5,David Lawson,Walkerside
U227,2,9,8615.23,5,5,5,Jeffrey Wheeler,Kevinshire
U228,106,3,5163.76,1,1,3,Clayton Jones,West Cindyfort
U229,39,6,11971.2,3,4,5,Mitchell Mccarty,Carlosland
U23,88,4,5158.86,2,2,3,Mr. Kevin Mendez,Hughesborough
U230,153,4,6334.05,1,2,3,Olivia Thomas MD,Rodriguezside
U231,68,1,318.26,2,1,1,Paul Wright,Erinport
U232,57,5,7452.49,3,3,4,Joseph Martin,Toddbury
U233,74,3,3452.93,2,1,2,Jessica Perez,Adamview
U234,18,4,7318.12,4,2,4,Sandra Lam,South William
U235,136,7,10242.85,1,4,5,Erin Costa,South Justinmouth
U236,47,7,7785.41,3,4,4,John Schmidt,New Dianeton
U237,24,6,2858.98,4,4,1,Sarah Peterson,Lake Williamton
U238,77,7,10679.85,2,4,5,James Pratt,Port Amanda
U239,33,7,7933.9,4,4,4,Jaime Turner,West Jeff
U24,186,2,3160.5,1,1,2,Melissa Zhang,Leeton
U240,205,6,8521.17,1,4,4,Lindsey Crane,Adamsfort
U241,10,4,4157.21,5,2,2,Jordan Wilson,Lake Luketown
U242,89,3,4039,2,1,2,Tina Small,South Anthony
U243,1,7,5884.49,5,4,3,Max Ray,Frenchview
U244,33,6,8191.83,4,4,4,Deanna Williams,East Mary
U245,103,2,1761.57,2,1,1,Michael Chavez,Rebeccaberg
U246,68,5,3327.02,2,3,2,Vickie Baker,West Deborah
U247,42,5,5854.28,3,3,3,Julia Kim,Robertsberg
U248,22,4,4805.03,4,2,3,Katherine Barnes,Howardstad
U249,85,5,7102.27,2,3,4,Michael Keller,Lake Mariah
U25,20,13,19570.9,4,5,5,Jason Price,Lake Gailborough
U250,64,7,7418.01,2,4,4,Jonathan Huynh,South William
U252,44,3,2916.05,3,1,1,Samuel Carter,Davidfurt
U253,76,4,7157.56,2,2,4,Marie Jensen,Joshuaport
U254,105,4,2284.71,2,2,1,Matthew Ramos,Hernandezhaven
U255,183,2,2373.75,1,1,1,Anthony Mack,Lake Cristian
U256,95,3,3327.4,2,1,2,Joshua Randall,Kelleyhaven
U257,50,9,11803.24,3,5,5,Emma Wilson,Paulfort
U258,1,4,2780.35,5,2,1,Sarah Santos,North Wayne
U259,40,8,10510.79,3,5,5,Jessica Vasquez,Juanburgh
U26,42,5,7601.44,3,3,4,Johnathan Carroll,Mariaview
U260,180,4,6386.57,1,2,3,William Hurley,Meganstad
U261,11,6,4933.38,5,4,3,Kelly Pierce,Frazierville
U262,69,6,7785.87,2,4,4,William Chan,New Christinechester
U263,20,6,7464.09,4,4,4,James Garza,South Kylie
U264,54,2,2417.78,3,1,1,Shaun Farrell,East Jessicaview
U265,65,4,4155.76,2,2,2,Judith Patterson,Andradefort
U266,118,5,5535.65,1,3,3,Adam Lopez,North Jose
U267,92,9,10115.47,2,5,5,Antonio Byrd,Lake Tracy
U268,60,5,4743.33,3,3,3,Kathryn Gonzales,Baileystad
U269,19,6,6024.13,4,4,3,Amanda Navarro,North Luismouth
U27,28,4,4803.21,4,2,3,James Cook,West Glenport
U270,14,7,8242.72,5,4,4,Melissa White,Port Saraland
U271,10,8,10510.94,5,5,5,Michelle Arnold,West Ruben
U272,40,6,6462.25,3,4,4,Susan Bradley,Pagefurt
U273,16,4,4159.66,4,2,2,Blake Cunningham,Lake Crystaltown
U274,10,2,1757.52,5,1,1,Melissa Clark,Lake Joshuaville
U275,51,6,4137.49,3,4,2,Julia Jacobs,North Jenniferhaven
U276,100,3,3900.16,2,1,2,Sandra Weaver,North Jamesview
U277,7,9,4340.73,5,5,2,Brenda Brewer,Sarachester
U278,12,6,8591.06,5,4,5,Judy Pruitt,Melaniefurt
U279,6,9,18524.88,5,5,5,Tina Coleman,Strongfurt
U28,129,4,499.85,1,2,1,Latoya Page MD,Audreyton
U280,64,5,6782.6,2,3,4,Jennifer Smith,Lake Amanda
U281,33,4,6196.87,4,2,3,Barbara Smith,Branchville
U282,40,10,11310.21,3,5,5,Michelle Luna,West Daniel
U283,18,8,8505.76,4,5,4,Colin Taylor,Lake Emily
U284,60,7,7009.21,3,4,4,Karen Casey,Hardinfort
U285,56,1,327.27,3,1,1,Sheila Gibson,West Alexisstad
U286,26,5,4787.85,4,3,3,Brianna Lopez,Simsfurt
U287,73,4,4702.12,2,2,2,Sandra Beltran,Riceland
U288,72,4,5489.75,2,2,3,Sean Johnson,Port Audreyport
U289,109,7,6510.35,1,4,4,Michael Peterson,South Patriciatown
U29,55,3,2408.35,3,1,1,Joseph Keller,South Melanieland
U290,83,4,4921.16,2,2,3,Carmen Ward,North Johnshire
U291,1,6,9170.87,5,4,5,Randy Miller,Ramirezshire
U292,2,7,8677.87,5,4,5,James Valentine,South Kevin
U293,39,14,17652.87,3,5,5,Robert Huynh,East Josephton
U294,21,8,10295.8,4,5,5,Julie Gates,Lake Samanthaland
U295,78,6,5860.5,2,4,3,Julia Bender,Williamstown
U296,95,6,10094.98,2,4,5,Pamela Rose,New Tracy
U297,64,4,5036.33,2,2,3,Shannon Hill,Bryantown
U298,16,8,4573.24,4,5,2,Johnny Cain,New Ricardoberg
U299,23,10,11879.19,4,5,5,Jennifer Walsh,Davismouth
U3,67,5,7248.84,2,3,4,Renee Lucero,East Jennifer
U30,48,6,5044.08,3,4,3,Caleb Bender,Yolandaborough
U300,157,5,7339.62,1,3,4,Kristy Hart,Adamburgh
U301,122,6,10876.17,1,4,5,Mackenzie Luna,Michaelhaven
U302,4,5,4953.77,5,3,3,Stacy Hoover,South Tammybury
U303,100,5,8313.01,2,3,4,Jeffrey Mcconnell,Michaelside
U304,50,6,8564.1,3,4,5,Ms. Nicole Sherman,Robertfurt
U305,71,8,8844.92,2,5,5,Jerome Marquez,New Amberside
U306,68,5,8220.23,2,3,4,Carolyn Hayes,New Michael
U307,5,3,4033.7,5,1,2,Jeffrey Ellis,North Lindsay
U308,21,4,6343.57,4,2,3,Lauren Adams,Sheltonhaven
U309,5,1,102.24,5,1,1,Roger Webb,Martinfort
U31,134,4,868.62,1,2,1,Jacqueline Kelley,Port Jared
U310,34,6,7858.53,4,4,4,Jose Krueger,West Stephanieview
U311,15,4,2012.54,5,2,1,Gregory Gomez,Gonzalezview
U312,23,3,2475.81,4,1,1,Brittany Bender,East Robertbury
U313,31,5,6595.93,4,3,4,Danielle Sims,Lopezberg
U314,5,3,3191.66,5,1,2,Micheal Nelson,Port Audreyhaven
U315,70,3,1726.12,2,1,1,Jeffery Nelson MD,Lake Travis
U316,38,5,3130.4,3,3,1,Kyle Owen,North Margaret
U317,22,7,10154.05,4,4,5,Stephanie Taylor,Lake Melindaland
U318,27,7,8979.94,4,4,5,Heather Ochoa,Kristenmouth
U319,19,3,2581.93,4,1,1,Gabriel Campbell,Port Kathyside
U32,34,4,4326.03,4,2,2,Derek West,East Jessicaberg
U320,5,6,7823.25,5,4,4,Amanda Moreno,East Coreyland
U321,350,2,1876.49,1,1,1,Deanna Maldonado,North Jasonside
U322,14,4,4231.18,5,2,2,Kenneth Edwards,New Kathleenchester
U323,28,3,1681.59,4,1,1,Jennifer Hill,Port Timothy
U324,111,6,10678.57,1,4,5,Paula Thomas,North Williamberg
U325,65,5,3855.44,2,3,2,Melissa Bush,West Kennethfort
U326,7,7,6977.48,5,4,4,Elizabeth Taylor,East Aaronmouth
U327,40,6,6250.55,3,4,3,Ashley Hampton,Diazbury
U328,76,8,10755.08,2,5,5,Travis Day,Woodside
U329,186,3,3839.63,1,1,2,David Bell,West Debbieburgh
U33,105,2,1917.72,2,1,1,Sarah Curry,North Ashleyside
U330,71,3,2769.06,2,1,1,William Carpenter,Melissabury
U331,10,6,9219.64,5,4,5,Louis Moyer,East William
U332,13,6,7489.81,5,4,4,Vincent Ortiz,Powelltown
U333,42,9,13676.69,3,5,5,Kimberly Phillips,Sueburgh
U334,59,2,2896.77,3,1,1,Victoria Gonzales,Christianside
U335,87,2,2743.77,2,1,1,Bobby Allison,Lake Jacobview
U336,129,5,4145.3,1,3,2,Scott Owens,Port Natashafurt
U337,2,6,2996.04,5,4,1,Kendra Daniels,Martinhaven
U338,93,6,6933.93,2,4,4,Brian Blair,Danielletown
U339,23,5,3047.09,4,3,1,Candice Henderson,Josebury
U34,68,7,8119.14,2,4,4,Raven Powers,North Teresaport
U340,1,4,3497.91,5,2,2,Matthew Smith,Danachester
U341,65,5,7951.4,2,3,4,William Morris,New Oliviamouth
U342,28,5,6334.01,4,3,3,John Juarez,West Kenneth
U343,55,7,8450.48,3,4,4,Kristopher Garcia,East Anna
U344,305,1,342.3,1,1,1,Leslie Sims,North Cathy
U345,100,2,3237.84,2,1,2,Daniel Vargas,South Matthew
U346,156,1,165.78,1,1,1,Keith Morton,North Todd
U347,54,9,6167.42,3,5,3,Matthew Koch,Yorkshire
U348,54,3,2926.18,3,1,1,Jonathan Sampson,Jacksonstad
U349,75,4,3602.29,2,2,2,Joshua Lamb,Colemanhaven
U35,45,5,3157.34,3,3,2,Mackenzie Woods,New Lindsay
U350,9,3,2688.18,5,1,1,Michelle Smith,Millsmouth
U351,30,9,6153.1,4,5,3,Joel Henderson,Lake Joychester
U352,56,7,11550.59,3,4,5,Pamela Day,East Thomas
U353,73,10,10341.19,2,5,5,Dale Hayes,New Amyshire
U354,143,1,1585.62,1,1,1,Laurie King,Freemanhaven
U355,90,3,3064.24,2,1,1,Stacy Sanders,Donnaport
U356,341,2,1651.59,1,1,1,Lori Francis,Debraside
U357,5,9,10968.35,5,5,5,Eric Davis,Hernandezton
U358,146,2,609.17,1,1,1,Kimberly Reese,New Alexander
U359,12,4,4851.33,5,2,3,Debbie Wilson,Austinfort
U36,98,6,3625.5,2,4,2,Ethan Brown,West Michael
U360,73,3,2887.31,2,1,1,Martin Meyer,Michaelastad
U361,10,4,2284.3,5,2,1,Derek Hampton,Carlamouth
U362,32,6,4027.44,4,4,2,Matthew Patterson,Oliviaview
U363,204,4,3090.31,1,2,1,Ross Jennings,North Michaelburgh
U364,269,1,2130.18,1,1,1,Matthew Alvarado,New Ronald
U365,9,6,7932.43,5,4,4,Brandon Walker,North Craigchester
U366,10,8,6647.29,5,5,4,Marissa Montoya,Paulport
U367,4,5,7575.96,5,3,4,Stacey Butler,Perezstad
U368,16,5,7236.57,4,3,4,Tricia Tran,Payneshire
U369,58,7,8760.88,3,4,5,Gina Lam,East Dawnton
U37,12,3,3391.07,5,1,2,Michael Welch,Laurafurt
U370,63,4,4164.57,3,2,2,Joy Smith,Deborahfurt
U371,31,4,4662.3,4,2,2,Christine Rodriguez,North Matthewfurt
U372,62,5,6978.67,3,3,4,Sharon Frank,Gregorymouth
U373,33,4,2920.63,4,2,1,Adam Williamson,West Jessica
U374,71,4,6027.37,2,2,3,Eugene Fernandez,Hollychester
U375,9,11,10578.52,5,5,5,Vernon Mason,Troyburgh
U376,13,6,9562.11,5,4,5,Claudia Thompson,Goodmanborough
U377,27,4,7052.09,4,2,4,James Lewis,Robinburgh
U378,169,1,631.65,1,1,1,Dennis Thomas PhD,Port Vanessaland
U379,275,1,963.61,1,1,1,Lori Mccoy,Watersshire
U38,74,4,4433.45,2,2,2,Sean Rogers,North Amyside
U380,33,7,5840.78,4,4,3,Joseph Murphy,North David
U381,17,3,2021.7,4,1,1,Eric Fleming,Ericfurt
U382,2,5,4040.27,5,3,2,Nicole Bailey,North Brianbury
U383,17,11,13241.55,4,5,5,Benjamin Sutton,East Wayneport
U384,78,4,9963.32,2,2,5,Natalie Collins,South Gabriel
U385,11,7,4598.82,5,4,2,Emily Alexander,West Jennifer
U386,99,3,3398.82,2,1,2,Samuel Cline,North Ashley
U387,21,6,8850.03,4,4,5,Hannah Luna,Taylormouth
U388,92,1,1621.4,2,1,1,Chloe Reilly,East Olivia
U389,72,8,12341.23,2,5,5,William Mckay,Katherinestad
U39,28,8,9269.85,4,5,5,Matthew Foster,Port William
U390,270,3,4383.61,1,1,2,Lindsay Thompson,Port Antonioton
U391,9,7,8335.6,5,4,4,Lauren Fuller,Kellyville
U392,86,4,2658.67,2,2,1,Jenny Garcia,Sandraton
U393,307,3,5694.21,1,1,3,Jasmine Johnson,Jonathanburgh
U394,10,6,6447.2,5,4,4,Jesse Peterson,Georgeview
U395,84,4,4349.13,2,2,2,Margaret Lopez,Lopezbury
U396,43,6,6095.66,3,4,3,Veronica Chen MD,Richland
U397,48,8,11885.85,3,5,5,Heather Pierce,Carrilloberg
U398,63,7,8550.27,3,4,5,Jose Alexander,West Karenside
U399,16,7,8480.91,4,4,4,Kevin Bailey,Port Laura
U4,82,5,8588.21,2,3,5,Charles Hill,Freemanhaven
U40,17,2,1292.77,4,1,1,Karina Riley,Calderonbury
U400,187,4,4197.46,1,2,2,Sonya Patel,Gomezchester
U401,196,3,1864.78,1,1,1,Kayla Schroeder,South Stephanieport
U402,38,7,8933.2,3,5,5,Terri Gray,East Ericaside
U403,20,5,6622.82,4,3,4,Jeanette Lewis,South Maryborough
U404,119,5,5306.85,1,3,3,John Ross,Jerryton
U405,9,3,5264.5,5,1,3,Mckenzie Sharp,Kimhaven
U406,80,3,2339.01,2,1,1,Roger Thomas,Port Anthonyland
U407,26,5,5076.13,4,3,3,Stephanie Warner,Lake Emma
U408,123,2,2563.74,1,1,1,Brittany Pacheco,Lopezborough
U409,271,2,2136.62,1,1,1,Angela Turner,Lake Maryfurt
U41,224,5,5461.67,1,3,3,Donna Galvan,East Laceymouth
U410,27,2,839.98,4,1,1,Donald Cervantes,New Marieport
U411,250,3,2947.71,1,1,1,Christian Schroeder,South Joshuaberg
U412,3,8,3718.21,5,5,2,Sarah Jones DDS,Michaelmouth
U413,100,5,9166.86,2,3,5,Jennifer Taylor,Maryville
U414,92,8,10431.94,2,5,5,Eddie Thomas,East Richardtown
U415,61,4,2967.02,3,2,1,Richard Mccoy,Michaelberg
U416,6,6,10011.09,5,4,5,Lori Thompson,Lake Rachaelborough
U417,3,5,7621.75,5,3,4,Anne Henderson,West Tammy
U418,13,8,9658.05,5,5,5,Dr. Juan Wilson,East Carolyn
U419,4,6,6529.44,5,4,4,Melissa Tyler,Laurenmouth
U42,19,6,7026.95,4,4,4,Joseph Wheeler,Nelsonville
U420,185,4,3164.09,1,2,2,Virginia Castillo,New Michelleborough
U421,43,5,7619.05,3,3,4,Robert Henry,West Andrew
U422,60,4,5900.68,3,2,3,Billy Villarreal,Deniseton
U423,15,5,4341.61,5,3,2,Jennifer Adams,New Mary
U424,150,1,1929.15,1,1,1,Gerald Williamson,Kellytown
U425,2,4,5020.98,5,2,3,Michael Carroll,East Timothyland
U426,36,2,3116.72,3,1,1,Curtis Short,Christinaland
U427,65,3,2361.33,2,1,1,Heather Bradley,Andersonberg
U428,19,6,8356.72,4,4,4,Jerry Foley,East Kristinebury
U429,58,6,8992.22,3,4,5,Martha Bowen,Aguilarfort
U43,5,7,10737.06,5,5,5,Cheryl Sanchez,New Donnaport
U430,7,9,8218.07,5,5,4,Laura Estrada,Port Linda
U431,14,5,5396.61,5,3,3,Amy Reyes,Bryantland
U432,20,1,773.74,4,1,1,Kimberly Hamilton,Susanmouth
U433,33,3,4029.19,4,1,2,Kayla Moore,Dwayneton
U434,141,5,7627.08,1,3,4,Traci Lopez,North Linda
U435,52,6,4873.99,3,4,3,Aaron Mccoy,South Cynthia
U436,23,7,8573.95,4,5,5,Lee Padilla,Heatherside
U437,245,3,3714.65,1,1,2,Frederick Williams,Christopherchester
U438,68,2,1831.48,2,1,1,Lee Diaz,Port Tom
U439,55,6,6876.65,3,4,4,Kathleen Quinn,New Sara
U44,23,8,8590.59,4,5,5,Craig Parker,Lake Michaelview
U440,121,6,7786.21,1,4,4,Kathleen Best,East Richardfurt
U441,52,10,20862.8,3,5,5,Robert Barnes,South Ashley
U442,33,8,14225.81,4,5,5,Duane Keller,Joshuabury
U443,20,5,6118.78,4,3,3,Tiffany Farrell,New Joshua
U444,13,4,3865.71,5,2,2,Alejandro Kaufman,West Micheal
U445,80,4,3504.92,2,2,2,Rebecca Parker,Lake Ryan
U446,4,7,9307.88,5,5,5,Daniel Hernandez,Jonesville
U447,38,6,7682.38,3,4,4,Catherine Jacobs,New Hollyside
U448,115,4,4299.27,1,2,2,Robert Gross,East Emilyfurt
U449,80,5,7471.07,2,3,4,Eric Atkinson,Smithport
U45,47,3,5456.61,3,1,3,Mackenzie Ross,Millsberg
U450,109,6,10260.43,1,4,5,Peter Wang,West Julianmouth
U451,211,3,1960.98,1,1,1,Bob Barajas,Moralesland
U452,165,2,2578.97,1,1,1,Sharon Robles,South Elizabeth
U453,1,6,4044.69,5,4,2,Kenneth Sanders,Michaelchester
U454,111,5,7471.11,1,3,4,Dana Foster PhD,Port Wayneburgh
U455,183,4,7076.74,1,2,4,Evan Johnson,Andersonport
U456,51,4,4000.72,3,2,2,Joshua Lester,East Andreafurt
U457,6,7,12553.17,5,5,5,Bridget Pham,Michelleburgh
U458,5,9,9535.38,5,5,5,Becky Patterson,Samanthaside
U459,120,4,1500.64,1,2,1,Ryan Padilla,Petersonmouth
U46,18,11,10331.4,4,5,5,Dr. Tammy Fisher,Stoneton
U460,113,4,3316.96,1,2,2,Heather Hatfield,Chaneyview
U461,120,4,4427.17,1,2,2,Leslie Adams,East Martin
U462,117,2,1105.5,1,1,1,Melissa Miller,North Thomas
U463,245,3,2261.56,1,1,1,Megan Baker,North Toddport
U464,89,1,3107.76,2,1,1,Stephen Rivera,Susanfurt
U465,27,8,12360.02,4,5,5,Scott Ortega,Richstad
U466,85,5,5223.49,2,3,3,Jorge Gonzalez,Christinashire
U467,1,5,3191.72,5,3,2,Jason Garza,Lake Tyroneburgh
U468,53,9,10306.33,3,5,5,Benjamin Hughes,West Danielle
U469,58,2,1931.66,3,1,1,Nicole Larson,Kathleenborough
U47,137,3,3811.16,1,1,2,John Sellers,West Alexisfurt
U470,14,5,8140.34,5,3,4,Bryan Carter,East Stevenfort
U471,58,6,6789.79,3,4,4,Austin Pruitt,Rogersstad
U472,6,5,5667.47,5,3,3,Monica Figueroa,Taylortown
U473,115,3,1587.97,1,1,1,Lori Garcia,Brendafurt
U474,101,9,6799.52,2,5,4,Shawn Walters,Davilaside
U475,66,4,5671.57,2,2,3,Gregory Valentine,Rojasberg
U476,241,2,4437.7,1,1,2,Jade Stokes,South Carmenport
U477,126,4,5612.35,1,2,3,Andrew Mcdaniel,West Kristenchester
U478,67,4,6713.18,2,2,4,Kimberly Zavala,North Matthewborough
U479,155,5,6298.44,1,3,3,Shelly Green,Port Kenneth
U48,41,2,3566.02,3,1,2,Christina Martinez,Katherineborough
U480,33,5,8713.1,4,3,5,Jennifer Johnson,Hoffmanmouth
U481,71,6,6802.72,2,4,4,Carla Aguilar,South Toddburgh
U482,118,8,16243.23,1,5,5,Aaron Lee,New Darrellside
U483,188,4,3719.85,1,2,2,Richard Sullivan,Hallchester
U484,41,8,10256.85,3,5,5,Amanda Peterson,Davisshire
U485,10,7,7797.76,5,5,4,Harry King,Stevenchester
U486,116,3,5726.46,1,1,3,Javier Delgado,Delgadoville
U487,11,5,6399.56,5,3,3,Jane Spence,West Joshuaberg
U488,147,6,5239.85,1,4,3,Christy James,Port Meganport
U489,7,3,5837.24,5,1,3,Jeremy Bell,Thompsonview
U49,72,8,10769.08,2,5,5,Scott Ward,Evanston
U490,75,2,2220.01,2,1,1,Heather Watson,East Tara
U491,30,5,6146.63,4,3,3,Patrick French,Vaughnhaven
U492,46,3,2964.02,3,1,1,Nicole Scott,Bellmouth
U493,94,7,9804.24,2,5,5,Sandra Forbes,Heidiburgh
U494,111,5,5358.89,1,3,3,Dylan James,Thompsonport
U495,115,3,3125.82,1,1,1,Robert Velasquez,Rebeccamouth
U496,35,4,6853.67,4,2,4,Rhonda Huff,Smithtown
U497,80,4,3541.7,2,2,2,Carrie Collins,North Jill
U498,116,4,5912.65,1,2,3,Joshua Clay,South Caitlynchester
U499,69,7,9729.68,2,5,5,Kathy Brown,Knoxshire
U5,6,7,9209.78,5,5,5,Lori Schroeder,Leefurt
U50,47,4,4522.94,3,2,2,Becky Hayes,Kelleyport
U500,164,4,5329.93,1,2,3,Rachel Johnson,Maxwellland
U501,37,6,7885.59,3,4,4,Mrs. Lisa Myers,Daughertytown
U502,123,4,4108.52,1,2,2,Stephen Acosta,Stephenhaven
U503,42,10,13641.21,3,5,5,Hannah Casey,West Tiffanyburgh
U504,38,5,6163.26,3,3,3,Patricia Figueroa,Port Chelseachester
U505,186,5,8094.91,1,3,4,Jennifer Marsh,South Kelsey
U506,25,7,10294.34,4,5,5,Jon Morgan,Port Kevin
U507,45,6,8277.67,3,4,4,David Perez,Lake Joeport
U508,33,10,9093.33,4,5,5,Justin Hernandez,North Donna
U509,35,2,1762.65,4,1,1,Margaret Wilson,Dennishaven
U51,99,5,9042.41,2,3,5,Tamara Wong,West Kent
U510,131,4,3248.16,1,2,2,Eric Sullivan,North Amanda
U511,167,7,8921.71,1,5,5,Ronald Kemp,Danielton
U512,173,5,5018.77,1,3,3,Edward Coleman,South Mary
U513,58,5,7478.41,3,3,4,Heather Smith,Millston
U514,313,3,4434.15,1,1,2,Susan Ellis,Khanstad
U515,28,5,5921.75,4,3,3,Gregory Palmer,Davisberg
U516,113,7,8541.19,1,5,5,David Ortega,Terrellport
U517,8,7,8972.95,5,5,5,William Lopez,Huntershire
U518,196,3,2434.27,1,1,1,Robert Werner,East Dawn
U519,3,5,6262.61,5,3,3,Tiffany Hendrix,North Ethanport
U52,236,3,3448.59,1,1,2,Justin Richardson,Adamsview
U520,45,4,2259.34,3,2,1,William Clayton,North Frankton
U521,46,3,4021.96,3,1,2,Kristi Garcia,South Maryton
U522,11,5,5340.85,5,3,3,Ricardo Conley,New Albert
U523,17,9,9335.33,4,5,5,Mary Chan,West Andreaville
U524,92,5,5520.69,2,3,3,Kenneth Bates,Coxville
U525,36,8,10184.43,3,5,5,Timothy Lane,Jenniferton
U526,58,5,3960.06,3,3,2,Jodi Hawkins,Port Samantha
U527,36,5,7367.03,3,3,4,Kevin Smith,Port Tiffany
U528,2,5,3943.94,5,3,2,Crystal Hanson,Thomasberg
U529,34,3,4770.19,4,1,3,Ashley Wang,West Stephen
U53,15,2,4470.92,5,1,2,Jordan Conley,New Kevinton
U531,184,4,3353.21,1,2,2,Andrea Johnson,Bentleystad
U532,42,4,5530.65,3,2,3,Christian Walter,Mitchellburgh
U533,26,6,6241.97,4,4,3,Patrick Valdez,North Marcus
U534,16,7,7476.92,4,5,4,Joanna Knight,Hawkinsbury
U535,217,1,894.73,1,1,1,Omar Palmer,New Joshua
U536,1,2,508.79,5,1,1,Joel Ryan,West Kathleenberg
U537,346,1,1929.33,1,1,1,Rodney Brennan,Mariamouth
U538,65,3,4609.49,2,1,2,Jennifer Thomas,Christinehaven
U539,48,4,4094.74,3,2,2,Jessica Gordon,Juliamouth
U54,188,3,3447.96,1,1,2,Charles Washington,Kingberg
U540,79,6,4655.32,2,4,2,Steve West,Lake Deniseton
U541,52,5,7906.61,3,3,4,Michael Martin,South Jennifer
U542,63,4,6371.18,3,2,3,Jasmine Thompson,Lake Lauraland
U543,90,2,3330.77,2,1,2,Donna Carr,North Robynmouth
U544,43,3,2976.06,3,1,1,James Foster,New Andrew
U545,34,5,6126.73,4,3,3,Steven Cole,South Meaganville
U546,47,9,13548.06,3,5,5,Randy Park,North Pamela
U547,39,4,6417.14,3,2,3,William Steele,Sarahhaven
U548,69,2,2425.84,2,1,1,Regina Craig,New Derekchester
U549,2,6,5961.14,5,4,3,Cameron Irwin,Brianbury
U55,43,6,10457.34,3,4,5,Kimberly Johns,Fritzbury
U550,23,4,4063.72,4,2,2,Bryce Murray,West Jenniferbury
U551,14,5,7742.06,5,3,4,Grace Bennett,East Carrie
U552,48,1,1548.52,3,1,1,Brenda Butler,Herreramouth
U553,62,5,5030.71,3,3,3,Kathryn Flores,New Lisa
U554,99,4,4753.42,2,2,3,William Rose,Port Johnmouth
U555,16,3,4659.93,4,1,2,Emily Johnson,Port Tammyberg
U556,96,3,4894.02,2,1,3,Rebecca Trujillo,Sandratown
U557,63,5,7466.16,3,3,4,Brian Duncan,Sarahchester
U558,55,9,11849.31,3,5,5,Michael Donovan,Alvinbury
U559,76,7,5944.24,2,5,3,Tammy Lopez,Mcknightberg
U56,96,5,9498.47,2,3,5,Taylor Terry,South Melanie
U560,26,9,8478.89,4,5,4,William Ochoa,Vanessachester
U561,35,4,8476.9,4,2,4,Jesse Murray,Billyview
U562,63,7,8292.72,3,5,4,Kevin Sullivan,Stacystad
U563,4,6,9736.53,5,4,5,Anthony Patterson,Owensberg
U564,4,5,8699.76,5,3,5,Tasha Harris,Jamesville
U565,35,5,7138.04,4,3,4,Sarah Park,Josetown
U566,54,3,3996.54,3,1,2,Donald Moore,Tonyaland
U567,190,7,8400.03,1,5,4,Anthony Rodriguez,Port Jason
U568,164,3,3281.17,1,1,2,Matthew Ellison,West Ashleyville
U569,5,5,7785.4,5,3,4,Matthew Mccarty,Lisaborough
U57,3,6,7205.86,5,4,4,Edward Porter,South Brian
U570,297,2,2802.02,1,1,1,Travis Aguirre,Rojasville
U571,17,4,3773.91,4,2,2,Christopher Newman,West Nataliebury
U572,145,4,6071.84,1,2,3,Jennifer Pena,East Brandon
U573,31,5,5921.01,4,3,3,Grace Brown,Robertville
U574,129,6,7964.39,1,4,4,Maria Edwards,Michellefurt
U575,10,7,9895.92,5,5,5,Cynthia Anderson DVM,Port Debraville
U576,99,6,9186.47,2,4,5,Lori Blair,West Kennethland
U577,37,5,6329.63,3,3,3,Michael Powell,Jeffreyburgh
U578,41,5,8352.08,3,3,4,Courtney Wise,Ericside
U579,55,3,4111.15,3,1,2,April Moore,West Karen
U58,55,3,4887.15,3,2,3,Tracey Gonzales,Morrowtown
U580,8,8,8794.28,5,5,5,Daniel Lawson,West Connieshire
U581,54,7,9787.17,3,5,5,Melanie Turner,East Cynthiabury
U582,107,2,724.94,1,1,1,Kayla Weaver,Davieston
U583,28,7,7018.52,4,5,4,Robert Greer,North Joseph
U584,141,5,7606.68,1,3,4,Adam Oliver,Craigfort
U585,47,6,6341.84,3,4,3,Todd Wilkerson,North Adam
U586,5,12,12679.25,5,5,5,Candace Morris,Pricehaven
U587,47,3,4712.51,3,2,3,Brooke Garcia,West Tylermouth
U588,3,10,6105.61,5,5,3,John Russell,Jonathantown
U589,30,5,7104.03,4,3,4,Sarah Lewis,Glennbury
U59,21,5,8914.04,4,3,5,Cody Pope,North Jade
U590,63,6,4857.98,3,4,3,Thomas Holmes,Colleenberg
U591,26,6,10342.66,4,4,5,Katie Chambers,Millerview
U592,14,7,7871.92,5,5,4,Margaret Rice,Port April
U593,38,4,6119.12,3,2,3,Jo Wong,Johnstonstad
U594,18,6,6592.21,4,4,4,Alexis Mercer,West Patricia
U595,4,5,9520.98,5,3,5,Robert Mckinney,Arielburgh
U596,5,5,7112.9,5,3,4,Martha Velasquez,Lake Michaelhaven
U597,71,6,4900.68,2,4,3,David Leach,South Donnaville
U598,4,6,4260.71,5,4,2,Deborah Wagner,Reevesland
U599,74,4,3837.85,2,2,2,Alec Rivera,East Mary
U6,49,7,8160.02,3,5,4,Melissa Bell,Lake Matthewfurt
U60,117,7,8141.94,1,5,4,Amber Cox,Waynefort
U600,54,4,4694.78,3,2,2,Trevor Knight,Sancheztown
U601,3,7,11479.58,5,5,5,Michael Koch,Lake Travisview
U602,24,6,7046.4,4,4,4,Spencer Aguilar,Kennethshire
U603,145,4,4466.65,1,2,2,Steven Jones,Christinaberg
U604,200,5,3526.19,1,3,2,Becky Wilkins,South Sonyafurt
U605,88,5,4993.88,2,3,3,Paul Eaton,North Jennifer
U607,90,3,3571.84,2,2,2,Jeffrey Olson,Theresafort
U608,5,8,11751.38,5,5,5,Matthew Sanders,Serranoview
U609,56,3,2884.79,3,2,1,Randall Smith,South Kevinbury
U61,14,3,5627.8,5,2,3,Louis Collins,Cassiefurt
U610,87,6,3542.65,2,4,2,Mr. Timothy Hampton,New Veronicamouth
U611,42,2,1528.27,3,1,1,Angela Hoffman,Bellport
U612,102,5,7345.43,2,3,4,David Mitchell,Port Leonardville
U613,86,3,3987.52,2,2,2,Steve Henry,New Keith
U614,18,6,4787.64,4,4,3,James Orr,Patriciaburgh
U615,115,4,3710.65,1,2,2,Dorothy Vazquez,Port Richard
U616,46,6,7497.05,3,4,4,Chloe Williams,North Michelle
U617,53,5,6221.84,3,3,3,Michael Robertson,Scottfort
U618,22,4,4739.44,4,2,3,Mark Gardner,South Jamie
U619,88,6,10559,2,4,5,Hannah Sexton,South Jason
U62,11,9,9830.28,5,5,5,Ashley Lozano,New Travis
U620,65,3,2667.57,2,2,1,Charlene Martin,Lake Adam
U621,88,10,11497.84,2,5,5,Frederick Rojas,Thomastown
U622,250,1,2151.94,1,1,1,Bradley Franklin,Port Michael
U623,117,2,1824.8,1,1,1,Kathryn Nash,South Karen
U624,58,7,10278.68,3,5,5,Megan Perez DVM,Floresside
U625,157,3,2053.99,1,2,1,Jeffrey Hampton,Port Michaelport
U626,43,5,9345.46,3,3,5,Darren Mcgee,West Cynthia
U627,55,5,3858.87,3,3,2,Jessica Trujillo,New Michaelshire
U628,14,4,7428.13,5,2,4,Randy Colon,Lake Steven
U629,92,6,9716.05,2,4,5,Jose Turner,Rileymouth
U63,120,6,7502.11,1,4,4,Leah Elliott,Port Julie
U630,2,8,9547.49,5,5,5,Sara Harris,Port Shawnaport
U631,106,7,7467.02,1,5,4,Patrick Mendoza,West Joshuahaven
U632,113,8,10955.29,1,5,5,Thomas Wright,Garciafurt
U633,50,8,7485.82,3,5,4,Stephanie Scott,West Cathy
U634,60,4,6166.94,3,2,3,Jacob Crawford,Theresaburgh
U635,66,2,3960.76,2,1,2,Alexandria Weaver,Lake Anna
U636,153,4,6192.06,1,2,3,Andrew Anderson,Hensleyfurt
U637,18,10,18392.94,4,5,5,Susan Brooks,Adamfurt
U638,79,6,7728.4,2,4,4,Kelly Powell,Port Jennifer
U639,52,8,9917.73,3,5,5,Jessica Newman DDS,West John
U64,122,2,1223.2,1,1,1,Sharon Day,Lake Angelaborough
U640,99,7,6680.78,2,5,4,Rachel Jones,Port Johnberg
U641,18,4,5223.37,4,2,3,Mary Martin,North Patriciahaven
U642,262,2,4860.14,1,1,3,Hannah Rosario MD,North Mary
U643,27,9,9573.1,4,5,5,Randy Smith,Christopherchester
U644,11,8,11110.37,5,5,5,Ms. Jennifer Charles MD,Thomasmouth
U645,38,6,3188.6,3,4,2,Kimberly Hampton,Silvaton
U646,79,5,4628.43,2,3,2,Todd Reilly,South Susanstad
U647,5,4,3036.84,5,2,1,Anna Thompson,West Joshua
U648,27,4,4447.53,4,2,2,Connor Taylor,Freemanville
U649,30,4,6240.11,4,2,3,Tiffany Phillips DDS,Levineland
U65,49,6,7748.66,3,4,4,Debbie Thomas,Hartshire
U650,17,8,5116.07,4,5,3,Lisa Graves,Port Williamburgh
U651,45,6,5364.65,3,4,3,Mary Wilson,Lake James
U652,82,3,1628.84,2,2,1,Andrew Murphy,South Jenniferstad
U653,131,6,5940.67,1,4,3,Charles Green,East Leah
U654,11,4,4632.34,5,2,2,Alyssa Caldwell,South Kimberlyburgh
U655,124,2,4776.34,1,1,3,Rickey Davidson,South Brucehaven
U656,20,7,3750.88,4,5,2,David Clay,East Sherry
U657,175,5,7956.12,1,3,4,Casey Jackson,South Randall
U658,77,2,1334.68,2,1,1,Cassandra Moody,Millerfurt
U659,15,9,11282.27,5,5,5,Vickie Bass,Garrisonbury
U66,215,2,1990.77,1,1,1,Carrie Gallegos,Lake Alexander
U660,24,5,4027.81,4,3,2,James Phillips MD,Maryview
U661,16,7,9996.07,4,5,5,Ryan Ward,North Angela
U662,1,3,3468.6,5,2,2,Molly Briggs,Port Adam
U663,46,5,4313,3,3,2,Pamela Lawrence,East Jesse
U664,54,1,1724.06,3,1,1,Sarah Payne,Port Michaelland
U665,48,10,8106.16,3,5,4,Jacob Reed,East Erin
U666,152,4,8559.13,1,2,5,Donna Monroe,Port Rebeccabury
U667,34,3,4127.69,4,2,2,Luis Cox,Kylebury
U668,19,6,9354.78,4,4,5,Michelle Chapman,Walkerberg
U669,11,9,7397.27,5,5,4,Brandon Casey,Johnsonstad
U67,33,5,7361.41,4,3,4,Shelley Ingram,Costaville
U670,34,6,8199.77,4,4,4,Kyle Hart,Thomashaven
U671,26,10,10782.54,4,5,5,Craig Ford,Lake Nicholasborough
U672,66,4,5033.28,2,2,3,Monica Jones,South Justin
U673,20,6,6749.41,4,4,4,Alexis Lynch,Port Robin
U674,3,9,12527.43,5,5,5,Donna Gross,Butlerhaven
U675,273,2,557.99,1,1,1,James Alvarez,Sophiafort
U676,35,4,7029.29,4,2,4,Jeremiah Hawkins,Alexanderchester
U677,177,2,1916.62,1,1,1,Jamie Hart,Phillipberg
U678,37,6,8035.64,3,4,4,Lisa Walters,Port Christopherfort
U679,49,5,5055.54,3,3,3,Jennifer Wu,New James
U68,160,2,2514.79,1,1,1,Mike Davis,Richardbury
U680,4,7,7984.7,5,5,4,Christopher Frazier,Cindyhaven
U681,72,5,6302.43,2,3,3,Victoria Dominguez,Lindaberg
U682,38,6,6521.43,3,4,4,Elizabeth Davidson,Charlesport
U683,10,8,8943.77,5,5,5,Bradley Harris,Port Andreafurt
U684,38,3,3842.94,3,2,2,Stephen Webb,New Tracyville
U685,27,1,654.42,4,1,1,Misty Clarke,Tylerstad
U686,117,7,6539.68,1,5,4,Jason Koch,Lake Jillborough
U687,18,8,8676.02,4,5,5,Mr. Garrett Gray,Chanport
U688,61,3,2845.94,3,2,1,Jacob Bates,Orrberg
U689,58,3,4334.36,3,2,2,William Weber,Bradyton
U69,39,6,5457.09,3,4,3,Joseph Shaw,Mcdonaldbury
U690,15,4,3340.15,5,2,2,Richard Murphy,Jennaside
U691,22,3,2617.18,4,2,1,Martin Jimenez,Anthonymouth
U692,31,7,11066.35,4,5,5,Kevin Hernandez,Emilyberg
U693,1,6,4106.8,5,4,2,Vanessa Smith,Deborahfurt
U694,206,3,3837.76,1,2,2,David Burton,West Brandy
U695,3,7,6899.46,5,5,4,Stephanie Booker,Darrellhaven
U696,60,4,4668.03,3,2,2,Dawn Garner,Edwardhaven
U697,49,8,6714.18,3,5,4,Shawn Smith,West Emmastad
U698,88,2,441.37,2,1,1,Benjamin Smith,New Amy
U699,22,5,5476.52,4,3,3,Troy Frazier,West Angelica
U7,8,5,7197.82,5,3,4,Michael Hancock,West Kenneth
U70,11,4,4325.95,5,2,2,Kevin Buchanan,Daniellemouth
U700,23,5,4336.44,4,3,2,Michelle Bailey,Reedburgh
U701,22,10,10500.66,4,5,5,Jordan Hawkins,Hardyton
U702,68,4,2153.7,2,2,1,Michael Cox,South Brandonshire
U703,100,3,2577.74,2,2,1,Matthew Wang,West Matthew
U704,143,2,1585.39,1,1,1,Heather Brooks,Ashleyview
U705,9,6,7931.1,5,4,4,Jessica Villarreal,Matthewsmouth
U706,16,8,11103.85,4,5,5,Kyle Mitchell,Flynnview
U707,11,8,6855.59,5,5,4,Janice Shelton,South Ryanville
U708,28,8,10534.37,4,5,5,James Pena,Hernandezmouth
U709,4,2,1426.57,5,1,1,Charles Greene,Emilyborough
U71,7,3,1408.47,5,2,1,Joe Fisher,Scottstad
U710,6,12,18058.27,5,5,5,Patrick Mcgee,Darrellhaven
U711,19,5,4508.81,4,3,2,Cheryl Little,Tiffanyhaven
U712,55,3,5612.44,3,2,3,Heather Brown,Penaport
U713,73,2,945.95,2,1,1,Michael Ford,Lake Paige
U714,11,5,7351.47,5,3,4,Linda Ortiz,Lake Angelica
U715,34,5,7582.96,4,3,4,Roberto Cook,Port Stephanie
U716,64,3,2473.84,2,2,1,Raven Harris,Lopezhaven
U717,54,6,7294.36,3,4,4,Melissa Harris,North Jason
U718,4,6,4358.65,5,4,2,Teresa Myers,Lawsonshire
U719,21,13,16597.55,4,5,5,Lisa Burns,West Jamesville
U72,11,6,6851.75,5,4,4,Dr. Andrea Beasley,New Andreachester
U720,63,6,5016.86,3,4,3,David Ramirez,Gordonchester
U721,7,6,5975.37,5,4,3,Lisa Allen,West Jefferyshire
U722,6,7,6675.94,5,5,4,Ashlee House,South Sarah
U723,7,6,8345.13,5,4,4,Shane Tucker,Port Calvin
U724,3,4,4848.01,5,2,3,Julie Goodman,West Laura
U725,50,7,8655.77,3,5,5,Stephanie Richard,New Davidview
U726,26,9,9744.63,4,5,5,Robert Brown,Andersonfort
U727,41,9,9153.77,3,5,5,Christopher Lawson,West Andrewhaven
U728,18,4,3398.74,4,2,2,Caleb Clark,Lynchchester
U729,122,4,3122.81,1,2,1,Seth Wallace,East John
U73,35,6,2759.33,4,4,1,Bradley Chandler,Keithborough
U730,199,4,8238.63,1,2,4,Megan Myers,Joyberg
U731,14,8,8665.45,5,5,5,Richard Burke,Castillofort
U732,33,4,5917.12,4,2,3,Carolyn Howe,Mariahborough
U733,47,7,8128.06,3,5,4,Eric Wong,Comptonfort
U734,3,7,6148.34,5,5,3,Joseph Roberts,North Anna
U735,73,3,1582.2,2,2,1,Teresa Blake,Jeremyborough
U736,17,3,3298.96,4,2,2,Misty Miller,Lake Nathanshire
U737,7,2,4152.39,5,1,2,Brian Webster,West Joanna
U738,17,11,12902.2,4,5,5,Jeremy Schaefer,Laurenburgh
U739,84,5,7057.27,2,3,4,Nathaniel Burns,Washingtonton
U74,31,5,5888.66,4,3,3,Charles Miller,Edwardsmouth
U740,12,6,8105.39,5,4,4,Anthony Williams,Anthonybury
U741,8,10,15520.58,5,5,5,Gary Ellis,Murphyberg
U742,83,10,11575.37,2,5,5,Cindy Duke,Port Chad
U743,14,2,2096.67,5,1,1,Steven Cunningham,Laurieport
U744,72,5,7266.29,2,3,4,Tracy Weeks,South Dustin
U745,42,8,5960.09,3,5,3,Michael Bray,South Janiceberg
U746,117,4,6925.27,1,2,4,Danielle Crawford,Christinafort
U747,47,5,6114.79,3,3,3,Ann Miller,Edwardville
U748,52,4,7320.08,3,2,4,Melissa Wright,North Chadburgh
U749,268,4,4193.42,1,2,2,Joe Smith,Michaelport
U75,14,3,4108.91,5,2,2,Jacob Wilson,West Jeffreyhaven
U750,117,4,4710.09,1,2,3,Jason Davis,East Evanside
U751,20,4,5567.99,4,2,3,Danielle Perry,New Lisabury
U752,96,6,7700.32,2,4,4,Nicole Fisher,Riveraberg
U753,58,4,4023.99,3,2,2,Ann Lara,New Timothyville
U754,20,4,4549.95,4,2,2,Sara Ramos,Andreaview
U755,10,4,3006.98,5,2,1,Sarah Trujillo,Lucasshire
U756,43,6,5818.06,3,4,3,Kelly Daniels,North Patricia
U757,70,3,2979.71,2,2,1,Christina Smith,Davidview
U758,115,9,9627.37,1,5,5,Nathaniel Medina,Jennifermouth
U759,30,9,4860.69,4,5,3,Natalie Thomas,East Cassandra
U76,32,6,7882.76,4,4,4,Suzanne Flynn,Jamesville
U760,10,7,7131.59,5,5,4,Andrew Brown,South Nicholastown
U761,131,4,2643.04,1,2,1,Gordon Hernandez,Johnsonview
U762,8,5,2251.09,5,3,1,Lisa Wallace,Rachelland
U763,118,4,2244.97,1,2,1,Megan Simpson,New Crystalfurt
U764,11,5,8014.14,5,3,4,Angela Massey,Desireefurt
U765,27,4,3186.66,4,2,2,Joshua Rice,East Jesse
U766,38,2,1209.05,3,1,1,Anna Park,New Stephenfurt
U767,38,3,3455.19,3,2,2,Carol Martin,Rodriguezburgh
U768,107,6,6368.71,1,4,3,Colleen White,West Georgechester
U769,22,8,7681.04,4,5,4,Kiara Aguilar,Lake Brianburgh
U77,6,5,4774.76,5,3,3,Hannah Marquez,Reillymouth
U770,39,8,9349.54,3,5,5,Kathleen Taylor,Andersonchester
U771,73,8,13740.93,2,5,5,Cody Obrien,North Susanmouth
U772,117,6,5055.07,1,4,3,Kristin Flores,West Christinamouth
U773,10,5,7469.17,5,3,4,Todd Clark,New Elizabeth
U774,130,3,862.28,1,2,1,Steven Reed,Thomasshire
U775,186,5,3080.13,1,3,1,Michael Martinez,East Lauratown
U776,14,4,3061.03,5,2,1,Kimberly Castillo,Kimfort
U777,25,2,1045.18,4,1,1,Gregory Gill,Troyton
U778,94,2,5767.59,2,1,3,Taylor Miller,North Timothy
U779,145,2,379.3,1,1,1,Denise Smith,Lake Christopher
U78,13,7,7449.05,5,5,4,Rita Lucas,Port Terriberg
U780,24,3,5221.8,4,2,3,Sara Lopez,Hernandezton
U781,9,4,7661.58,5,2,4,Paul Lyons,South Richard
U782,34,10,12467.39,4,5,5,Katelyn Fischer,West Lisa
U783,23,5,7748.9,4,3,4,Stephanie Fisher,Martinside
U784,237,4,3839.74,1,2,2,Samantha Cooper,West Patrickton
U785,27,4,4210.3,4,2,2,Joseph Collins,South Erikshire
U786,28,5,6423.96,4,3,3,Brian Proctor,North Nathanton
U787,339,3,1725.77,1,2,1,Nathaniel Stafford Jr.,North Lisa
U788,81,5,8603.14,2,3,5,Daniel Knapp,South Aaron
U789,35,7,4486.3,4,5,2,Nicolas Dennis,East Deniseside
U79,262,3,2417.95,1,2,1,Jason Dunn,Robersonside
U790,42,9,13745.34,3,5,5,Joan Harris,Karenshire
U792,24,4,4850.27,4,2,3,Ashley Cox,West Veronica
U793,9,5,6645.76,5,3,4,Kyle Matthews,Lake Kellishire
U794,64,5,3123.63,2,3,1,Brian Keller,Port Kennethhaven
U795,39,5,7387.41,3,3,4,Christy Mitchell,Port Mitchell
U796,20,8,10910.39,4,5,5,Bryce Chavez,South Aaron
U797,38,5,3801.56,3,3,2,Maria Willis,Deckerfurt
U798,20,6,5123.07,4,4,3,Kevin Griffith,Andrewchester
U799,173,5,4732.23,1,3,3,Nicole Pierce,Codybury
U8,4,10,16299.81,5,5,5,Sarah Mora,East Joseph
U80,78,3,6358.24,2,2,3,Jennifer Mullen,New Susan
U800,230,2,1568.73,1,1,1,Michael Lucas,Walshville
U801,162,6,7184.11,1,4,4,Ann Snyder,Mariaside
U802,34,9,8126.14,4,5,4,James Byrd,East Cynthiahaven
U803,269,2,534.14,1,1,1,Julie Johnson,South John
U804,26,2,2859.92,4,1,1,Susan Colon,Charlesport
U805,128,5,8320.89,1,3,4,Hannah Bell,East Kaitlynton
U806,20,5,4645.06,4,3,2,Christina Potter,Sanchezport
U807,7,7,11150.92,5,5,5,Susan Bell,Rosshaven
U808,75,4,6543.17,2,2,4,Steven Johnston,East Lisahaven
U809,45,7,7453.32,3,5,4,Jordan Randolph,Michaelfort
U81,94,5,3951.7,2,3,2,Charles Mcclain,Bakermouth
U810,3,7,9118.81,5,5,5,Julia Vargas,Nealburgh
U811,141,1,84.75,1,1,1,Daniel Phillips,Lake Bryan
U812,3,4,4228.28,5,3,2,Wanda Parsons,Rodriguezmouth
U813,46,6,8369.14,3,4,4,Robert Diaz,South Jesseshire
U814,9,3,6542.06,5,2,4,Cynthia Bennett,Gabrielaton
U815,69,7,5412.74,2,5,3,Miranda Jackson,North Vincentmouth
U816,33,4,3628.21,4,3,2,Joshua Wilson,Pierceland
U817,88,3,4487.49,2,2,2,Grace Burke,East Lisafort
U818,266,2,1283.75,1,1,1,James Weiss,East Chasefurt
U819,25,4,3533.6,4,3,2,Michael Ferguson,Lopezville
U82,48,4,5197.15,3,3,3,Tammy Williams,Michaelshire
U820,102,3,4142.11,2,2,2,Lindsay Ellis,West Barbara
U821,8,9,10747.22,5,5,5,Jesse Adams,Brownhaven
U822,99,7,9662.89,2,5,5,Casey Mathews,Riostown
U823,7,5,6774.09,5,3,4,Brandon Taylor,North Debraton
U824,91,2,4126.89,2,1,2,Jennifer Parrish,Carterborough
U825,65,2,1401.96,2,1,1,Henry Jones,Andersentown
U826,12,5,8027.94,5,3,4,Erik Jones,North Feliciaburgh
U827,222,1,1160.67,1,1,1,Emily Vaughn,South Julieshire
U828,7,6,8974.99,5,4,5,Mary Adams,New Cynthia
U829,65,4,3404.76,2,3,2,Sherry Michael DDS,East Jeffrey
U83,12,6,8835.97,5,4,5,Dawn Moses,Lake Nathan
U830,59,7,7521.43,3,5,4,Annette Munoz,Port Frankton
U831,87,4,4597.73,2,3,2,Michael Contreras,Port Danielfurt
U832,160,5,6195.93,1,3,3,Lindsay Mullen,Vangview
U833,110,3,3674.59,1,2,2,Laura Castillo,New Stephaniestad
U834,99,7,7857.03,2,5,4,Kim Jones,Gutierrezport
U835,31,12,9012.24,4,5,5,Megan Lee,Jacquelineville
U836,169,4,3983.7,1,3,2,Kathleen Hernandez,Mejiaville
U838,64,5,6438.74,2,3,3,Isaac Williams,Ramosbury
U839,51,4,5745.48,3,3,3,Andrea Donaldson,Lake Elizabethhaven
U84,40,9,12610.62,3,5,5,Robert Gomez,South Kathryn
U840,32,4,3074.17,4,3,1,Kayla Meza,South Anitafurt
U841,18,11,14673.52,4,5,5,Mary Lee,West Ianburgh
U843,62,6,5788.7,3,4,3,Jamie Andrews,West Bryan
U844,21,5,4523.95,4,4,2,Adam Mendez,Mariefurt
U845,13,11,14911.34,5,5,5,Julie Martin,New Adrianamouth
U846,125,5,5893.86,1,4,3,Gary Grant,New Sherri
U847,173,3,4757.24,1,2,3,Dorothy Adkins,West Autumn
U848,2,4,5781.08,5,3,3,Danielle Mendez,Port Matthewfurt
U849,111,4,4198.14,1,3,2,Heather Cantu,New Michelle
U85,154,1,342.58,1,1,1,Patricia Cooper,Kevinburgh
U850,34,6,5907.36,4,4,3,Jesse Rivera,Dixonstad
U851,86,5,4163.38,2,4,2,Rhonda Case,New Jonathanton
U852,1,6,6538.8,5,4,4,Caitlin Kaufman,Benjamintown
U853,71,6,5248,2,4,3,Emily Murphy,Nicoleside
U854,20,3,3081.82,4,2,1,James Alvarez,South Jennifer
U855,54,7,5544.25,3,5,3,Dennis Harrison,South Tiffanyberg
U856,144,4,6653.04,1,3,4,Linda Hamilton,Lake Jennifer
U857,17,7,10505.02,4,5,5,Christopher Aguilar,West Julia
U858,12,7,12148.43,5,5,5,Patty Alvarez,Sharptown
U859,162,2,2495.24,1,1,1,Sydney Swanson,Lake Rogerborough
U86,11,4,3598.11,5,3,2,Debra Smith,Washingtonview
U860,28,5,7267.8,4,4,4,Crystal English,Lisafurt
U861,6,7,8099.62,5,5,4,Matthew Cameron,North Kristinahaven
U862,54,2,2873.27,3,1,1,David Marks,Joshuaville
U863,37,2,3290.03,3,1,2,Donald Cruz,Lake Randyberg
U864,53,6,6860.27,3,4,4,William Gilbert,Albertfurt
U865,109,3,2620.02,1,2,1,Nathan Davis,Danielchester
U866,101,3,2982.95,2,2,1,Douglas Manning,Christinashire
U867,75,3,4448.06,2,2,2,Jordan Lewis,Lake Matthew
U868,139,1,1273.54,1,1,1,Yvonne Collins,South Jackiefort
U869,84,4,6757.3,2,3,4,John Cooke,South Stacey
U87,16,4,7341.07,4,3,4,Stacey Brown,Gonzalezland
U870,240,2,2947.62,1,1,1,David Esparza,Santosport
U871,177,5,6484.19,1,4,4,Andrew Dodson,Annetteland
U872,90,6,6924.5,2,4,4,Mrs. Lisa Patterson,South Rachelchester
U873,46,4,3278.39,3,3,2,Anthony Robertson,Jayshire
U874,117,2,1961.98,1,1,1,Sandra Phillips,Cooperberg
U875,69,3,4735.45,2,2,3,Barbara Johnson,Seanborough
U876,270,2,4008.22,1,1,2,Susan Barnes,Mullinsside
U877,98,5,5961.09,2,4,3,Brianna Johnston,East Trevorshire
U878,22,3,5992.65,4,2,3,Kenneth Zhang,East Tonyaburgh
U879,3,3,1672,5,2,1,Melissa Downs,South Stephanieport
U88,28,5,6046.67,4,4,3,Bailey Douglas,Kendraport
U880,66,11,6834.65,2,5,4,Kristen Hutchinson,Vasquezmouth
U881,151,6,12445.02,1,4,5,Jaime Cummings,Mckeemouth
U882,57,4,4247.66,3,3,2,Alyssa Clements PhD,Justinshire
U883,105,3,6671.86,2,2,4,Donald Wilkins,North Cathy
U884,22,5,5235.21,4,4,3,Brandon Jones,South Jennifer
U885,20,5,5334.63,4,4,3,Jeremy Bailey,South Christopher
U886,12,14,14867.16,5,5,5,Samantha Lane,New Joseph
U887,82,6,6553.76,2,4,4,Alan Farmer,Lake Alyssa
U888,3,8,12767.27,5,5,5,Morgan Lam,Jordanfort
U889,18,1,91.48,4,1,1,Barbara Taylor,Alexfort
U89,36,5,5562.81,3,4,3,Robert Simon,New Sheryl
U890,3,4,2876.54,5,3,1,Debbie Frazier,East Michelleshire
U891,21,7,9903.39,4,5,5,Ms. Evelyn Marshall,Port Vincent
U892,66,1,367.48,2,1,1,Kevin Frost,Jennifershire
U893,28,6,6073.01,4,4,3,Gary Medina,Collinschester
U894,99,7,10739.81,2,5,5,Ashley Anderson,South William
U895,302,2,2021.31,1,1,1,Warren Molina,Carterton
U896,3,7,9910.6,5,5,5,Stacey Simmons,Port Matthewland
U897,64,6,10851.85,2,4,5,Kristin Boyd,Pettychester
U898,71,5,6119.55,2,4,3,Becky Christensen,North Laura
U899,54,3,2435.4,3,2,1,Emily Stephenson,Robertbury
U9,181,1,1870.5,1,1,1,Keith Gray,Lake Andrew
U90,14,5,7031.34,5,4,4,Amy Booth,West Craig
U900,39,10,12637.68,3,5,5,Tracy Johnson,Stoutton
U901,7,4,3102.73,5,3,1,Amanda Fields,Rebeccaville
U902,70,4,4107.96,2,3,2,Timothy Allen,Ramirezborough
U903,81,4,5727.75,2,3,3,Tiffany Wright,Wrightburgh
U904,105,5,4632.19,2,4,2,James White,Danielberg
U905,12,5,6943.07,5,4,4,John Morrison,Port Laura
U906,30,7,7062.98,4,5,4,Elizabeth Barnes,Powellhaven
U907,134,10,15068.87,1,5,5,Alan Wise Jr.,North Theresamouth
U908,27,6,6178.25,4,4,3,Elizabeth Acosta,West Tina
U909,211,1,879.33,1,1,1,Henry Mitchell,Lake Garrett
U91,85,8,7472.53,2,5,4,Emily Davis,Reyesberg
U910,46,6,10008.77,3,4,5,Susan Freeman,Amandahaven
U911,126,2,1893.16,1,1,1,Adam Pratt,North Jasmine
U912,20,2,2741.25,4,1,1,Justin Diaz,Port Ronald
U913,160,4,2189.64,1,3,1,Anthony Hale,Stephaniebury
U914,122,4,3221.18,1,3,2,Jessica Jones,Port Elaine
U915,121,2,3265.34,1,1,2,John Lewis,West Steventon
U916,19,4,1962.07,4,3,1,Anna Lewis,Stephaniemouth
U917,146,4,3953.77,1,3,2,Michael Moore,Joshuaton
U918,94,3,3837.8,2,2,2,Taylor Villanueva,Michaelton
U919,24,5,5819.44,4,4,3,Dr. Ashley Cunningham,Goodwinville
U92,159,2,2307.48,1,1,1,Alisha Reed,Port Robin
U920,35,7,9067.08,4,5,5,Mackenzie Black,North Scott
U921,35,2,2049.42,4,1,1,Rachel Austin,New Angelaland
U922,65,2,4320.22,2,1,2,Melanie Smith MD,New Ashleystad
U923,36,6,10061.58,3,4,5,Lindsay Berry,Brendaborough
U924,113,6,5981,1,4,3,Amber Pena,East Erica
U925,144,1,1427.37,1,1,1,Breanna Pineda,Vargasfort
U926,108,8,9245.86,1,5,5,Carmen Gillespie,West Robertberg
U927,241,1,1920.49,1,1,1,Joanne Rivas,New Diane
U928,68,3,4399.56,2,2,2,Michael Nelson,Keithfurt
U929,79,8,10927.77,2,5,5,Jessica Ross,Hopkinsborough
U93,32,4,4814.44,4,3,3,Jesse Wilcox,Carrollburgh
U930,5,3,4707.42,5,2,2,Jason Fisher,West Anthonyberg
U931,37,10,8590.1,3,5,5,Emily Taylor,East Justinport
U932,317,2,2444.01,1,1,1,Patrick Johnson,Barkerton
U933,70,4,3137.76,2,3,1,Jennifer Martinez,Robinsonshire
U934,227,4,3976.83,1,3,2,Erika Castillo,Larsonview
U935,60,5,3500.1,3,4,2,Briana Robertson,Brownstad
U936,41,9,10265.69,3,5,5,Shawn Wagner,North Vincent
U937,13,2,1494.77,5,1,1,Raven Sanchez,Michelleview
U938,109,4,4288.41,1,3,2,Margaret Davenport,West Kathleenstad
U939,338,1,1774.44,1,1,1,Shelby Santiago,Adamland
U94,243,1,2379.33,1,1,1,Lori Cole,Port Kristinport
U940,2,4,3856.67,5,3,2,Marcia Hernandez,South Jennifer
U941,5,4,4817.9,5,3,3,Jennifer Pratt,Lake Christian
U942,46,5,3949.11,3,4,2,Michael Carr,South Michaelfurt
U943,1,8,11801.98,5,5,5,Angela Gomez,South Shannonside
U944,27,6,6771.55,4,4,4,Shannon Jones,West Matthewchester
U945,82,4,3502.82,2,3,2,Sharon Montgomery,Williamsstad
U946,26,4,2951.94,4,3,1,Jeanne Brooks,Merrittfort
U947,21,6,6444.34,4,4,4,Kenneth Shelton,Jenniferland
U948,7,5,7241.11,5,4,4,Stacy Donaldson,Bobbyview
U949,73,6,6449.76,2,4,4,Maria Gray,North Richardshire
U95,30,6,10592.97,4,4,5,Rebecca Mccormick,South Matthewport
U950,100,4,8235.93,2,3,4,Gina King,Lake Teresa
U951,92,4,3633.24,2,3,2,Angela Blair,Basshaven
U952,17,4,4657.3,4,3,2,Craig Shaw,West Raymondton
U953,79,5,8404.4,2,4,4,Melissa Perry,Lake Elizabethborough
U954,56,3,4011.02,3,2,2,Tammy Davenport,Lake Matthew
U955,75,7,5142.75,2,5,3,Claudia Orr,Parkerstad
U956,165,6,4646.15,1,4,2,Janice Johnson,New Catherine
U957,62,6,9413.89,3,4,5,Robert Mann,Lake James
U958,8,4,5883.5,5,3,3,Vanessa Ortiz,Julieview
U959,152,3,4852.5,1,2,3,Kimberly Montes,Jonathanbury
U96,57,4,4714.6,3,3,3,Cynthia Stevens,West Tiffany
U960,30,9,13053.38,4,5,5,Sarah Parker,North William
U961,55,4,5929.68,3,3,3,Paul Trujillo,Timothyport
U962,1,7,12842.8,5,5,5,Nicholas Harrison,New Valerie
U963,228,4,3443.19,1,3,2,Steven Williams,East John
U964,66,7,7152.31,2,5,4,Jeremy Mahoney,Munozville
U965,69,2,3243.67,2,1,2,Jeremiah Young,Doyleborough
U966,104,7,9010.27,2,5,5,Margaret Christensen,New Shawnton
U967,50,7,7554.23,3,5,4,Jason Reeves,Jessicaberg
U968,16,5,5564.09,4,4,3,James Weaver,North Katherine
U969,2,6,7890.7,5,4,4,Jamie Melendez,Carolineburgh
U97,11,5,6263.78,5,4,3,Gregory Miller,Amandaborough
U970,71,2,2982.48,2,1,1,Andre Burns,Castrobury
U971,7,4,4741.02,5,3,3,David Acosta,Port John
U972,28,7,5396.1,4,5,3,Thomas Castillo,Nicoleland
U973,138,6,6051.98,1,4,3,Alexis Myers PhD,Westshire
U974,116,3,2523.71,1,2,1,Deborah Sparks,Lauriehaven
U975,135,3,3070.72,1,2,1,Brian Hunter DDS,East Steven
U976,100,2,4473.44,2,1,2,Tammy Terry,New Patrickstad
U977,8,4,5249.46,5,3,3,Sheila Simmons,Louischester
U978,46,6,7071.87,3,4,4,Michael Garcia,Jessicafurt
U979,61,5,5246.56,3,4,3,Craig Hinton,Catherineton
U98,15,5,9138,5,4,5,Kelsey Medina,New Tamara
U980,33,6,9127.13,4,4,5,Brian Mendez,Port Donaldville
U981,38,9,10588.42,3,5,5,Kelly Mckay,Shawville
U982,63,4,6382.91,3,3,3,Rodney Cain,Lake Courtney
U983,15,8,8794.58,5,5,5,Steven Miranda,Lake Amy
U984,76,3,3997.2,2,2,2,Robert Bass,New Josephport
U985,26,3,3991.55,4,2,2,Andrea Friedman,West Jessicaview
U986,12,9,8019.36,5,5,4,Michael Mack,Williamsside
U987,61,4,2402.9,3,3,1,Dawn Weeks,New Jonathan
U988,8,4,4872.93,5,3,3,Eric Wright,New Lisaland
U989,14,4,2719.46,5,3,1,Tony Wallace,Farrellmouth
U99,104,3,6808.44,2,2,4,Joshua Burgess,New Matthew
U990,8,7,7708.96,5,5,4,Alexander Brown,Lake Katherineborough
U991,65,4,2027.4,2,3,1,Tiffany Atkins,Port Alanfort
U992,24,8,6438.59,4,5,3,Emily Jackson,North Davidland
U993,4,4,4103.12,5,3,2,David Walton,Henryport
U994,76,2,3370.33,2,1,2,Eric Mcclain,Lewisland
U995,153,4,5818.46,1,3,3,Andrew Johnson,Garciaview
U996,117,3,2684.52,1,2,1,Christina Brown,New Christina
U997,286,4,5362.06,1,3,3,Shannon Diaz,Kimberlymouth
U998,14,5,7078.25,5,4,4,Robert Scott,New Markview
U999,89,3,3424.29,2,2,2,Shirley White,Donnamouth
