user_id,name,email,gender,city,signup_date
U0,Nicole Archer,williamherman@example.org,Other,North Jasmine,2024-11-11
U1,Jose Perez,lewistyler@example.net,Female,Meyersville,2024-08-31
U2,Mary Alexander,vwade@example.net,Other,Johnnyside,2024-06-20
U3,Renee Lucero,victorialee@example.net,Other,East Jennifer,2026-02-22
U4,Charles Hill,david12@example.org,Other,Freemanhaven,2024-06-30
U5,Lori Schroeder,zjones@example.net,Male,Leefurt,2025-02-01
U6,Melissa Bell,paulahernandez@example.org,Female,Lake Matthewfurt,2024-08-22
U7,Michael Hancock,nvargas@example.net,Male,West Kenneth,2025-08-16
U8,Sarah Mora,saraflynn@example.com,Other,East Joseph,2024-05-23
U9,Keith Gray,watkinssamantha@example.com,Male,Lake Andrew,2024-06-25
U10,Frank Walton,chanjennifer@example.net,Female,Petersonbury,2024-06-19
U11,Elizabeth Kim,michelle91@example.com,Male,West Robert,2026-02-21
U12,Jason Lee,aburnett@example.com,Male,Millerland,2024-05-11
U13,Nancy Nelson,dillon60@example.com,Male,South Kevinberg,2024-04-18
U14,Eric Stafford,clayrachel@example.com,Other,Claudiaview,2024-12-27
U15,Christine Johnson,llee@example.org,Other,North Erin,2025-07-26
U16,Jennifer Martinez,karina83@example.com,Male,East Jennifer,2024-05-26
U17,Lisa Wheeler,richard29@example.org,Male,Port Richard,2025-12-02
U18,Dr. Gregory Brown,kruegergeoffrey@example.org,Male,Port Roberto,2025-03-25
U19,Dawn Cardenas,gparker@example.com,Female,Port Jennifer,2025-06-15
U20,Brian Barrett,griffinlarry@example.net,Male,Kirstenchester,2025-05-08
U21,Timothy Rodriguez,brian53@example.net,Male,Whiteview,2025-01-20
U22,Thomas Reyes,kimberlyabbott@example.org,Other,New Deborahhaven,2024-09-13
U23,Mr. Kevin Mendez,torresadam@example.org,Male,Hughesborough,2025-01-21
U24,Melissa Zhang,ydavies@example.org,Other,Leeton,2024-10-31
U25,Jason Price,sarah80@example.net,Other,Lake Gailborough,2024-11-09
U26,Johnathan Carroll,stephanie07@example.com,Male,Mariaview,2026-01-07
U27,James Cook,thull@example.org,Other,West Glenport,2025-08-09
U28,Latoya Page MD,erin03@example.org,Other,Audreyton,2024-05-21
U29,Joseph Keller,terrychase@example.net,Male,South Melanieland,2025-07-02
U30,Caleb Bender,megan32@example.org,Other,Yolandaborough,2025-07-05
U31,Jacqueline Kelley,andersonmelinda@example.org,Female,Port Jared,2024-08-04
U32,Derek West,ntrujillo@example.org,Other,East Jessicaberg,2025-12-26
U33,Sarah Curry,graydustin@example.net,Male,North Ashleyside,2025-07-18
U34,Raven Powers,halllaura@example.org,Female,North Teresaport,2024-12-08
U35,Mackenzie Woods,joshua25@example.com,Male,New Lindsay,2025-11-13
U36,Ethan Brown,dannyfitzpatrick@example.net,Female,West Michael,2026-01-28
U37,Michael Welch,brooksmelissa@example.net,Male,Laurafurt,2025-10-27
U38,Sean Rogers,hernandezterri@example.net,Female,North Amyside,2025-07-11
U39,Matthew Foster,ohanson@example.com,Male,Port William,2025-09-03
U40,Karina Riley,amoody@example.org,Other,Calderonbury,2024-03-21
U41,Donna Galvan,mark41@example.net,Male,East Laceymouth,2024-09-19
U42,Joseph Wheeler,pharmon@example.org,Male,Nelsonville,2024-08-11
U43,Cheryl Sanchez,holtalexander@example.net,Female,New Donnaport,2025-11-18
U44,Craig Parker,wayne56@example.com,Other,Lake Michaelview,2024-11-30
U45,Mackenzie Ross,durandawn@example.net,Other,Millsberg,2024-08-13
U46,Dr. Tammy Fisher,christopherhernandez@example.org,Female,Stoneton,2026-02-27
U47,John Sellers,whiteronald@example.org,Female,West Alexisfurt,2026-01-27
U48,Christina Martinez,ibooker@example.net,Female,Katherineborough,2026-02-03
U49,Scott Ward,evega@example.org,Other,Evanston,2025-02-14
U50,Becky Hayes,jwhite@example.com,Male,Kelleyport,2026-02-13
U51,Tamara Wong,nicolebanks@example.org,Female,West Kent,2025-12-29
U52,Justin Richardson,myersalexis@example.org,Other,Adamsview,2026-01-29
U53,Jordan Conley,jamesrogers@example.com,Male,New Kevinton,2024-07-11
U54,Charles Washington,chavezana@example.org,Female,Kingberg,2025-05-11
U55,Kimberly Johns,welchkayla@example.net,Male,Fritzbury,2025-08-14
U56,Taylor Terry,fritztiffany@example.net,Female,South Melanie,2024-12-10
U57,Edward Porter,kpeters@example.com,Male,South Brian,2025-09-07
U58,Tracey Gonzales,ricardotorres@example.org,Male,Morrowtown,2026-01-27
U59,Cody Pope,chapmanbryan@example.net,Male,North Jade,2025-07-07
U60,Amber Cox,dmiranda@example.org,Female,Waynefort,2025-06-04
U61,Louis Collins,reynoldsrichard@example.net,Female,Cassiefurt,2025-06-06
U62,Ashley Lozano,tatekyle@example.net,Male,New Travis,2025-01-02
U63,Leah Elliott,victorfletcher@example.org,Female,Port Julie,2025-11-30
U64,Sharon Day,wclarke@example.org,Other,Lake Angelaborough,2024-09-29
U65,Debbie Thomas,michaelhaynes@example.com,Other,Hartshire,2024-08-17
U66,Carrie Gallegos,tmooney@example.org,Female,Lake Alexander,2024-03-24
U67,Shelley Ingram,nlove@example.net,Female,Costaville,2025-08-09
U68,Mike Davis,madeline87@example.com,Male,Richardbury,2024-07-22
U69,Joseph Shaw,rodriguezjorge@example.com,Other,Mcdonaldbury,2024-12-12
U70,Kevin Buchanan,roseamber@example.com,Female,Daniellemouth,2024-03-26
U71,Joe Fisher,sarahdixon@example.net,Male,Scottstad,2025-08-09
U72,Dr. Andrea Beasley,xshea@example.net,Other,New Andreachester,2025-01-31
U73,Bradley Chandler,williammartin@example.org,Male,Keithborough,2024-04-09
U74,Charles Miller,lucasthomas@example.com,Female,Edwardsmouth,2024-12-21
U75,Jacob Wilson,kristy57@example.net,Female,West Jeffreyhaven,2024-11-23
U76,Suzanne Flynn,mshaffer@example.org,Other,Jamesville,2024-06-18
U77,Hannah Marquez,uharris@example.net,Female,Reillymouth,2024-06-06
U78,Rita Lucas,bvaughn@example.com,Male,Port Terriberg,2024-10-05
U79,Jason Dunn,cohenann@example.net,Other,Robersonside,2026-01-13
U80,Jennifer Mullen,williamgriffin@example.net,Female,New Susan,2025-07-06
U81,Charles Mcclain,kayala@example.net,Other,Bakermouth,2025-09-10
U82,Tammy Williams,bautistasteven@example.com,Male,Michaelshire,2025-05-25
U83,Dawn Moses,amarshall@example.org,Other,Lake Nathan,2024-04-01
U84,Robert Gomez,ryanjones@example.com,Female,South Kathryn,2024-12-18
U85,Patricia Cooper,williamstammy@example.com,Male,Kevinburgh,2024-09-18
U86,Debra Smith,darren39@example.org,Male,Washingtonview,2025-08-12
U87,Stacey Brown,asmith@example.net,Other,Gonzalezland,2024-03-30
U88,Bailey Douglas,sheltonbrian@example.net,Male,Kendraport,2025-01-05
U89,Robert Simon,psanchez@example.net,Female,New Sheryl,2025-06-10
U90,Amy Booth,marshallalison@example.com,Female,West Craig,2025-09-24
U91,Emily Davis,breannagraham@example.org,Other,Reyesberg,2025-12-17
U92,Alisha Reed,gwilliams@example.com,Male,Port Robin,2024-07-14
U93,Jesse Wilcox,smithjared@example.org,Other,Carrollburgh,2025-12-02
U94,Lori Cole,matthewking@example.org,Female,Port Kristinport,2025-12-08
U95,Rebecca Mccormick,rperez@example.org,Other,South Matthewport,2025-08-04
U96,Cynthia Stevens,wigginsstephanie@example.net,Female,West Tiffany,2024-09-05
U97,Gregory Miller,phillipsjeffrey@example.com,Male,Amandaborough,2024-07-04
U98,Kelsey Medina,kimberly58@example.com,Female,New Tamara,2025-07-08
U99,Joshua Burgess,rebekah20@example.net,Male,New Matthew,2024-11-06
U100,Jennifer Hardin,vwells@example.com,Other,New Stacyville,2025-06-21
U101,Cynthia Ward,kdixon@example.org,Male,Martinezton,2024-08-21
U102,Stephen Matthews,bridget53@example.com,Male,North Darleneshire,2024-08-23
U103,Stephanie Hill,johnsonronald@example.net,Male,Chandlertown,2026-01-12
U104,Annette Anderson,elizabeth72@example.net,Female,South Karaberg,2025-04-07
U105,Johnathan Shaffer,mccoyricardo@example.net,Male,Lake Ronald,2024-10-16
U106,Robert Thompson,lbecker@example.org,Other,Lake Andrewton,2025-06-13
U107,Grant Bradley,donaldsondonald@example.com,Male,Davidton,2024-10-29
U108,Thomas Vang,elizabethjensen@example.com,Female,Joseshire,2024-04-14
U109,Austin Atkinson,xsilva@example.org,Other,East Donnahaven,2024-07-17
U110,Edward Byrd,juanho@example.com,Female,South Catherine,2025-07-06
U111,Kayla Hensley,rbeltran@example.org,Other,Grantview,2025-09-14
U112,Christine Peterson,kimberly27@example.net,Other,Tylerstad,2024-05-05
U113,Jessica Martinez,bryan38@example.org,Other,Brendabury,2025-08-09
U114,Leslie Allen,rebeccaprince@example.com,Female,Jacksontown,2024-08-31
U115,Kenneth Rodriguez,antonioramirez@example.net,Other,West Melissa,2025-08-02
U116,Robert Parker,robert45@example.com,Male,New Markstad,2025-01-16
U117,Bradley Delacruz,marilynchambers@example.com,Female,Jasonstad,2025-02-08
U118,Katherine King,ihoffman@example.org,Male,Leeside,2025-06-08
U119,Amanda Alvarado,hernandezbrandon@example.net,Female,Seanmouth,2025-03-14
U120,Veronica Dean,carmen30@example.net,Female,Riveraberg,2024-05-22
U121,Rodney Gay,murraylauren@example.net,Male,South Kevin,2025-09-23
U122,Julie Garcia,thompsoncaitlin@example.com,Other,Schmidthaven,2025-08-15
U123,Michelle Lee,qortiz@example.org,Male,West Lindaborough,2024-03-31
U124,Andrew Roberts,lgilbert@example.org,Other,Lake Donnaberg,2025-05-02
U125,Matthew Jimenez,thomaswright@example.org,Male,South Aprilchester,2025-02-20
U126,Richard Davidson,evansrhonda@example.net,Male,East Garybury,2025-04-26
U127,Tiffany Cruz,egross@example.net,Male,Jarvisshire,2024-04-13
U128,Madeline Hubbard,stephaniehughes@example.net,Male,North Betty,2025-03-26
U129,Steven Wheeler,stevesmith@example.net,Female,East Robertberg,2024-09-06
U130,Charles Woods,kellylori@example.com,Female,South Thomas,2025-11-30
U131,Angelica Ramirez,angela21@example.org,Male,West Jennifer,2024-05-31
U132,Renee Davis,taylorgarcia@example.net,Male,Zacharyton,2025-05-30
U133,Omar Jensen,rebekah69@example.com,Other,North Josephville,2024-10-14
U134,Paul Montgomery,snowjeremy@example.com,Female,South Michaelmouth,2025-02-13
U135,Shannon Dixon,pauljordan@example.com,Female,North Christopherport,2026-01-08
U136,William Higgins,jennifermiller@example.net,Male,New Amychester,2024-10-17
U137,Donna Riley,esalazar@example.com,Male,Lake Brianside,2024-12-20
U138,Richard Mcdonald,crosbymark@example.com,Other,Lake Robert,2025-09-09
U139,Ruth Holt,april89@example.com,Male,Paynechester,2025-02-06
U140,Erik Petty,alexander06@example.com,Other,West Tracy,2024-07-29
U141,Kenneth Wall,craigvasquez@example.org,Female,Kimfurt,2024-04-18
U142,Michelle Peters,epittman@example.org,Other,Williamsmouth,2024-09-20
U143,Gerald Cook,sherimcdonald@example.com,Other,Timothyfort,2025-06-16
U144,Dr. Adam Peterson,jessica22@example.com,Other,North Katherine,2026-02-15
U145,Brian Jones,robinsmith@example.com,Other,Andersonville,2024-03-15
U146,Alexander Higgins,brianna07@example.org,Male,South Elizabeth,2026-02-11
U147,Dorothy Davis,xhuff@example.org,Female,Palmerside,2024-03-17
U148,Michael Hooper,claudia09@example.net,Male,Angelaside,2025-12-05
U149,Alyssa James,stephen66@example.net,Male,Davisbury,2024-11-16
U150,Christopher Chaney,hallamy@example.com,Other,Stephanieshire,2025-11-15
U151,Alex Haley,marktorres@example.com,Female,North Laura,2025-02-04
U152,Dean Powell,jessica53@example.com,Female,Danielhaven,2024-05-28
U153,Kathleen Frost,tiffanysantos@example.com,Other,Thompsonfurt,2025-05-30
U154,Erin Davenport,joshua64@example.com,Female,New Christopherchester,2024-09-10
U155,Brooke Alexander,nancy50@example.com,Female,Joshuaton,2024-04-10
U156,Matthew Hernandez,johnbender@example.com,Other,Angelachester,2024-03-25
U157,Heather Randall,elainemonroe@example.com,Female,Brownfurt,2025-01-28
U158,Monique Hess,brandonmccoy@example.org,Female,Munozborough,2024-07-13
U159,Kenneth Long,sarah77@example.org,Female,South Patricia,2025-05-05
U160,Ashley Reyes,zoeking@example.com,Female,West Colleen,2024-10-08
U161,Christine King,torresrobert@example.org,Other,Lake Matthewborough,2025-06-24
U162,Katherine Pratt,robinsonkimberly@example.com,Other,South Walterfurt,2024-09-09
U163,Sheryl Green,michael43@example.org,Female,Rochaport,2024-07-12
U164,Katrina Pennington,jaime60@example.net,Other,Glennview,2025-05-14
U165,Kenneth Dawson,randall26@example.org,Other,Robertoberg,2026-01-30
U166,Amy Fletcher,elizabeth00@example.net,Male,Rothfort,2025-05-30
U167,Angela Tucker,ramseyeric@example.com,Male,Walkermouth,2024-06-12
U168,Charles Williams,uhampton@example.com,Female,Millsborough,2025-12-31
U169,Robert Turner,mcconnellmark@example.com,Female,Ernestchester,2026-02-09
U170,Anne Palmer,udennis@example.org,Female,West Katherinehaven,2025-08-12
U171,Julian Weber,gregoryhunter@example.com,Male,East Monicahaven,2024-08-02
U172,Jennifer Pena,johnsonjermaine@example.org,Male,Timothyville,2024-09-30
U173,Steven Morris,jessicajohnson@example.org,Other,Luisfort,2024-08-08
U174,Danielle Travis,daviskenneth@example.org,Male,New Lisaburgh,2025-12-16
U175,Stacy Hicks,laura77@example.org,Male,Alexfurt,2025-06-10
U176,Kyle Olson,udixon@example.com,Female,East Ethanburgh,2025-06-24
U177,Dawn Kennedy,sanderseric@example.net,Male,Port Kimberly,2024-08-03
U178,Lance Johnson,zhawkins@example.org,Male,Garzamouth,2025-04-09
U179,Mark French,thomas03@example.net,Female,Miguelhaven,2025-01-06
U180,April Sanchez,upeterson@example.com,Other,South Wendy,2024-12-11
U181,Edward Moore,johnjames@example.net,Other,Port Brittany,2024-11-01
U182,Angela Summers,erika75@example.org,Female,Scotttown,2025-11-15
U183,Miranda Bell,wschneider@example.com,Other,Port John,2025-09-07
U184,Alexander Wilson,moramarco@example.org,Other,West Johnville,2024-05-17
U185,Jennifer Cortez,eduncan@example.net,Other,Josephberg,2025-02-13
U186,Wendy Oconnor,lthompson@example.com,Female,Lake Brianfort,2025-02-05
U187,David Johnson,eriktran@example.com,Other,South Nataliefort,2024-12-26
U188,Samuel Wilkerson,mcgeepeter@example.com,Female,Brookemouth,2024-05-20
U189,Tristan Myers,nelsonamber@example.org,Female,New Kevin,2024-10-04
U190,Heather Black,scottkennedy@example.org,Male,Wilsonborough,2024-07-30
U191,Tara Patterson,carrieanderson@example.com,Male,Lake Robinland,2025-05-08
U192,Nicole Gordon,woodchad@example.org,Other,Wisemouth,2025-02-10
U193,Matthew Harper,lbrown@example.org,Female,West Brianshire,2025-07-12
U194,Sarah King,gfarrell@example.net,Other,Latashaview,2025-04-07
U195,Latasha Martinez,barry38@example.com,Male,Port Heather,2024-05-14
U196,Michelle Perry,jonathan33@example.net,Male,West Zachary,2025-02-27
U197,Hannah Hill,powelljason@example.org,Other,Port Victorton,2025-06-23
U198,Kayla Noble,ryancharles@example.org,Other,East Nathaniel,2024-07-20
U199,Holly Bonilla,johnbryant@example.com,Other,Toddfurt,2026-02-21
U200,James Brown,ismith@example.org,Male,North Maryborough,2024-11-07
U201,Cody Anderson,fsanders@example.net,Other,Lake Brandon,2026-01-04
U202,Stephanie Terry,reneeshaffer@example.org,Male,South Kaylatown,2025-03-11
U203,Jade Hardin,klopez@example.net,Male,New Eddiestad,2024-04-21
U204,Theresa Lopez,charles57@example.org,Other,Ruthbury,2025-02-22
U205,Courtney Thompson,karina30@example.org,Male,Randyberg,2024-08-09
U206,Connie Krause,ewilkinson@example.org,Other,Kennethville,2025-04-22
U207,Billy Baxter,frederick14@example.org,Male,Sarafort,2024-03-18
U208,Suzanne Miller,bakerjennifer@example.net,Female,Lake Nicole,2025-05-19
U209,Michelle Sheppard,kylegarcia@example.org,Male,Nicoleview,2025-08-08
U210,Patrick Middleton,phillip02@example.net,Male,Port Monica,2024-08-02
U211,Savannah Johnson,suzanne39@example.org,Male,Jimmyland,2025-02-11
U212,Sylvia Lee,sotojesse@example.net,Other,Johntown,2024-06-20
U213,Robert Hernandez,michaelmartin@example.net,Female,New Gregorystad,2025-10-16
U214,Joyce Taylor,bwoods@example.org,Male,West Christopher,2025-09-01
U215,Michelle Morton,jonathan39@example.net,Other,West Taramouth,2025-12-10
U216,Kathleen Anderson,gsharp@example.net,Other,Amyshire,2025-10-10
U217,Sandra Wood,gvaldez@example.net,Other,Port John,2024-05-11
U218,Daniel Williams,ufernandez@example.com,Male,Whitemouth,2024-12-26
U219,Tammy Hale,michaelrussell@example.com,Other,North Sandrastad,2025-04-20
U220,Lisa Fowler,ryan57@example.com,Other,Brownside,2024-04-12
U221,William Wilson,annette87@example.org,Other,Carrmouth,2026-01-19
U222,Linda Jones,ytaylor@example.com,Female,Andrewsburgh,2026-01-18
U223,Christina Brown,sandra22@example.org,Male,New John,2024-09-30
U224,Daniel Pena,julieknight@example.net,Female,Meganborough,2025-08-26
U225,Mrs. Caitlin Mueller,nicholsmallory@example.com,Male,Jonesborough,2024-03-24
U226,David Lawson,april70@example.com,Other,Walkerside,2025-07-07
U227,Jeffrey Wheeler,awilson@example.org,Other,Kevinshire,2025-02-27
U228,Clayton Jones,nathancampbell@example.org,Male,West Cindyfort,2024-12-16
U229,Mitchell Mccarty,hbrown@example.net,Male,Carlosland,2025-09-23
U230,Olivia Thomas MD,davidlewis@example.org,Other,Rodriguezside,2025-05-29
U231,Paul Wright,oliverjeremiah@example.com,Male,Erinport,2024-06-16
U232,Joseph Martin,richardsonkaren@example.org,Other,Toddbury,2025-12-24
U233,Jessica Perez,michelle38@example.com,Female,Adamview,2026-02-07
U234,Sandra Lam,rduran@example.org,Female,South William,2026-02-17
U235,Erin Costa,ethompson@example.net,Other,South Justinmouth,2024-06-06
U236,John Schmidt,emilymiller@example.net,Male,New Dianeton,2025-07-05
U237,Sarah Peterson,jensenjohn@example.org,Male,Lake Williamton,2025-11-20
U238,James Pratt,carsonryan@example.net,Male,Port Amanda,2026-02-25
U239,Jaime Turner,vicki55@example.net,Male,West Jeff,2024-07-07
U240,Lindsey Crane,nicholasmoss@example.org,Male,Adamsfort,2025-01-11
U241,Jordan Wilson,lisaglass@example.org,Male,Lake Luketown,2024-08-29
U242,Tina Small,bstephens@example.com,Female,South Anthony,2025-08-20
U243,Max Ray,jonathan32@example.net,Female,Frenchview,2024-09-07
U244,Deanna Williams,dcuevas@example.com,Male,East Mary,2024-12-01
U245,Michael Chavez,gatkins@example.com,Other,Rebeccaberg,2024-04-08
U246,Vickie Baker,allendeborah@example.com,Male,West Deborah,2025-08-18
U247,Julia Kim,scottolivia@example.net,Other,Robertsberg,2024-05-06
U248,Katherine Barnes,klopez@example.net,Female,Howardstad,2024-07-05
U249,Michael Keller,hendersonwilliam@example.net,Female,Lake Mariah,2024-11-07
U250,Jonathan Huynh,burnsevelyn@example.org,Other,South William,2026-02-01
U251,Ronald Baldwin,patrickherrera@example.com,Male,Hillhaven,2024-06-22
U252,Samuel Carter,kweber@example.net,Male,Davidfurt,2024-05-18
U253,Marie Jensen,matthewwilson@example.org,Other,Joshuaport,2026-01-08
U254,Matthew Ramos,ksingleton@example.net,Other,Hernandezhaven,2025-02-25
U255,Anthony Mack,anthonymeza@example.com,Female,Lake Cristian,2024-10-21
U256,Joshua Randall,wweber@example.org,Female,Kelleyhaven,2025-07-30
U257,Emma Wilson,laurenlee@example.net,Female,Paulfort,2025-08-07
U258,Sarah Santos,eroth@example.org,Male,North Wayne,2025-06-29
U259,Jessica Vasquez,alex29@example.org,Female,Juanburgh,2024-03-19
U260,William Hurley,ubaker@example.org,Female,Meganstad,2025-02-16
U261,Kelly Pierce,egray@example.com,Male,Frazierville,2026-03-03
U262,William Chan,nglover@example.com,Male,New Christinechester,2024-11-20
U263,James Garza,moorebrittany@example.org,Female,South Kylie,2025-07-08
U264,Shaun Farrell,gibsonregina@example.net,Female,East Jessicaview,2026-02-02
U265,Judith Patterson,coopercatherine@example.com,Other,Andradefort,2025-08-30
U266,Adam Lopez,aaronlewis@example.org,Female,North Jose,2024-10-25
U267,Antonio Byrd,qbenjamin@example.org,Other,Lake Tracy,2025-10-17
U268,Kathryn Gonzales,wilsonbryan@example.com,Male,Baileystad,2025-09-29
U269,Amanda Navarro,rachel05@example.net,Female,North Luismouth,2024-09-04
U270,Melissa White,lle@example.com,Female,Port Saraland,2025-12-18
U271,Michelle Arnold,clarklauren@example.com,Male,West Ruben,2024-04-15
U272,Susan Bradley,don28@example.org,Female,Pagefurt,2024-12-10
U273,Blake Cunningham,amccormick@example.com,Female,Lake Crystaltown,2025-06-30
U274,Melissa Clark,thomas48@example.net,Other,Lake Joshuaville,2026-01-08
U275,Julia Jacobs,andradesteven@example.com,Female,North Jenniferhaven,2025-07-26
U276,Sandra Weaver,chowell@example.net,Male,North Jamesview,2025-12-13
U277,Brenda Brewer,david28@example.net,Female,Sarachester,2024-03-24
U278,Judy Pruitt,rtaylor@example.net,Female,Melaniefurt,2025-02-26
U279,Tina Coleman,kayleedaugherty@example.com,Other,Strongfurt,2025-05-16
U280,Jennifer Smith,theresa90@example.org,Female,Lake Amanda,2024-06-27
U281,Barbara Smith,qsalas@example.com,Male,Branchville,2024-10-01
U282,Michelle Luna,kenneth26@example.org,Female,West Daniel,2025-07-27
U283,Colin Taylor,uwest@example.net,Other,Lake Emily,2024-12-15
U284,Karen Casey,todd53@example.net,Other,Hardinfort,2025-02-25
U285,Sheila Gibson,dylanburns@example.com,Female,West Alexisstad,2025-05-02
U286,Brianna Lopez,jdavis@example.net,Male,Simsfurt,2024-03-26
U287,Sandra Beltran,bradshawjames@example.org,Female,Riceland,2024-06-19
U288,Sean Johnson,zmack@example.net,Male,Port Audreyport,2025-07-19
U289,Michael Peterson,ryan68@example.net,Male,South Patriciatown,2025-08-15
U290,Carmen Ward,megan44@example.com,Other,North Johnshire,2026-02-24
U291,Randy Miller,justin61@example.org,Other,Ramirezshire,2025-10-30
U292,James Valentine,cory54@example.net,Male,South Kevin,2026-02-12
U293,Robert Huynh,brandibrown@example.org,Male,East Josephton,2024-10-20
U294,Julie Gates,rodney29@example.org,Other,Lake Samanthaland,2025-11-09
U295,Julia Bender,lpena@example.net,Male,Williamstown,2025-08-23
U296,Pamela Rose,jaimeberg@example.com,Female,New Tracy,2025-02-02
U297,Shannon Hill,michaelmadeline@example.org,Female,Bryantown,2025-01-19
U298,Johnny Cain,gabriellemckee@example.com,Male,New Ricardoberg,2026-01-25
U299,Jennifer Walsh,sallen@example.org,Male,Davismouth,2025-12-26
U300,Kristy Hart,uramos@example.com,Male,Adamburgh,2024-10-09
U301,Mackenzie Luna,guerreroleah@example.net,Male,Michaelhaven,2025-05-08
U302,Stacy Hoover,michelleevans@example.org,Female,South Tammybury,2024-05-07
U303,Jeffrey Mcconnell,carolyn27@example.net,Other,Michaelside,2024-06-19
U304,Ms. Nicole Sherman,vwalton@example.com,Other,Robertfurt,2025-12-07
U305,Jerome Marquez,sjackson@example.net,Other,New Amberside,2025-05-14
U306,Carolyn Hayes,jonathanfoster@example.com,Female,New Michael,2024-04-22
U307,Jeffrey Ellis,brenda96@example.net,Female,North Lindsay,2025-11-10
U308,Lauren Adams,mendozamelanie@example.org,Male,Sheltonhaven,2024-05-28
U309,Roger Webb,gailgreen@example.com,Other,Martinfort,2024-10-18
U310,Jose Krueger,christopher50@example.org,Male,West Stephanieview,2025-08-13
U311,Gregory Gomez,vanderson@example.com,Female,Gonzalezview,2025-07-11
U312,Brittany Bender,andrewpatel@example.org,Male,East Robertbury,2024-12-08
U313,Danielle Sims,bakerscott@example.net,Male,Lopezberg,2024-12-25
U314,Micheal Nelson,jonesmichael@example.com,Female,Port Audreyhaven,2025-01-02
U315,Jeffery Nelson MD,sandra00@example.org,Female,Lake Travis,2024-11-10
U316,Kyle Owen,darrellhamilton@example.net,Other,North Margaret,2024-05-07
U317,Stephanie Taylor,newmanrobert@example.net,Other,Lake Melindaland,2024-07-12
U318,Heather Ochoa,baileymichelle@example.net,Female,Kristenmouth,2025-12-25
U319,Gabriel Campbell,david87@example.net,Female,Port Kathyside,2025-08-30
U320,Amanda Moreno,kristenmorgan@example.com,Other,East Coreyland,2025-02-07
U321,Deanna Maldonado,kristen07@example.net,Other,North Jasonside,2024-10-26
U322,Kenneth Edwards,thomasashley@example.com,Other,New Kathleenchester,2025-08-01
U323,Jennifer Hill,bakerjohn@example.com,Male,Port Timothy,2026-02-26
U324,Paula Thomas,turnerrodney@example.com,Other,North Williamberg,2024-04-29
U325,Melissa Bush,ostevens@example.net,Female,West Kennethfort,2025-03-29
U326,Elizabeth Taylor,martinramsey@example.org,Female,East Aaronmouth,2024-05-09
U327,Ashley Hampton,vflores@example.org,Male,Diazbury,2025-04-26
U328,Travis Day,rbanks@example.net,Female,Woodside,2024-12-15
U329,David Bell,iramos@example.net,Other,West Debbieburgh,2024-07-26
U330,William Carpenter,dickersonsylvia@example.net,Male,Melissabury,2026-01-02
U331,Louis Moyer,fmartin@example.com,Other,East William,2024-05-12
U332,Vincent Ortiz,mbennett@example.org,Male,Powelltown,2024-10-31
U333,Kimberly Phillips,brittany07@example.org,Other,Sueburgh,2025-03-26
U334,Victoria Gonzales,campbellhannah@example.com,Female,Christianside,2024-12-22
U335,Bobby Allison,jonesmartha@example.net,Other,Lake Jacobview,2025-04-21
U336,Scott Owens,williamsmark@example.org,Male,Port Natashafurt,2025-08-11
U337,Kendra Daniels,greenkevin@example.org,Other,Martinhaven,2025-07-16
U338,Brian Blair,kayla80@example.org,Other,Danielletown,2025-02-25
U339,Candice Henderson,dwatts@example.org,Male,Josebury,2025-09-15
U340,Matthew Smith,dana41@example.com,Other,Danachester,2024-07-05
U341,William Morris,steven62@example.com,Other,New Oliviamouth,2024-06-05
U342,John Juarez,rebeccahanson@example.org,Male,West Kenneth,2024-10-23
U343,Kristopher Garcia,rachelowens@example.net,Other,East Anna,2025-02-08
U344,Leslie Sims,michael17@example.com,Other,North Cathy,2024-11-21
U345,Daniel Vargas,lopezjames@example.net,Female,South Matthew,2024-12-28
U346,Keith Morton,smithmary@example.org,Other,North Todd,2025-11-15
U347,Matthew Koch,josephparker@example.net,Female,Yorkshire,2025-06-18
U348,Jonathan Sampson,uhiggins@example.com,Female,Jacksonstad,2025-06-14
U349,Joshua Lamb,jboyd@example.org,Other,Colemanhaven,2025-05-24
U350,Michelle Smith,franklinkaren@example.com,Other,Millsmouth,2025-09-18
U351,Joel Henderson,jasonserrano@example.net,Male,Lake Joychester,2025-02-17
U352,Pamela Day,ericwilson@example.net,Female,East Thomas,2024-03-18
U353,Dale Hayes,tammysherman@example.net,Other,New Amyshire,2025-01-06
U354,Laurie King,rasmussenchristopher@example.net,Other,Freemanhaven,2025-01-22
U355,Stacy Sanders,savagechristine@example.org,Other,Donnaport,2024-04-15
U356,Lori Francis,derek29@example.net,Other,Debraside,2025-01-06
U357,Eric Davis,amymurillo@example.net,Other,Hernandezton,2026-01-13
U358,Kimberly Reese,harrellkevin@example.com,Other,New Alexander,2024-05-04
U359,Debbie Wilson,jason45@example.com,Other,Austinfort,2024-11-26
U360,Martin Meyer,saundersadrian@example.org,Other,Michaelastad,2026-03-14
U361,Derek Hampton,masonmary@example.com,Male,Carlamouth,2025-08-09
U362,Matthew Patterson,macksteven@example.com,Other,Oliviaview,2026-03-05
U363,Ross Jennings,ruthcaldwell@example.com,Female,North Michaelburgh,2024-08-23
U364,Matthew Alvarado,kerrnichole@example.com,Other,New Ronald,2024-06-22
U365,Brandon Walker,ahernandez@example.net,Male,North Craigchester,2025-02-09
U366,Marissa Montoya,kingjohn@example.net,Female,Paulport,2025-12-25
U367,Stacey Butler,jenniferpowell@example.net,Male,Perezstad,2025-11-09
U368,Tricia Tran,hayeskevin@example.net,Female,Payneshire,2024-10-04
U369,Gina Lam,zwilliams@example.com,Female,East Dawnton,2024-10-09
U370,Joy Smith,weekskatie@example.net,Female,Deborahfurt,2025-06-01
U371,Christine Rodriguez,matthew77@example.com,Male,North Matthewfurt,2025-06-18
U372,Sharon Frank,edyer@example.org,Male,Gregorymouth,2025-03-02
U373,Adam Williamson,andersonvanessa@example.com,Female,West Jessica,2025-04-03
U374,Eugene Fernandez,mitchellcody@example.org,Other,Hollychester,2025-07-15
U375,Vernon Mason,eramirez@example.org,Female,Troyburgh,2026-01-24
U376,Claudia Thompson,martinezalejandro@example.org,Male,Goodmanborough,2025-04-20
U377,James Lewis,reynoldscurtis@example.com,Other,Robinburgh,2025-12-03
U378,Dennis Thomas PhD,brandon94@example.org,Male,Port Vanessaland,2024-03-24
U379,Lori Mccoy,charles05@example.org,Male,Watersshire,2025-06-16
U380,Joseph Murphy,kylemurray@example.net,Male,North David,2025-10-06
U381,Eric Fleming,simsaaron@example.org,Male,Ericfurt,2024-11-03
U382,Nicole Bailey,holmesbrenda@example.org,Other,North Brianbury,2024-12-05
U383,Benjamin Sutton,yhernandez@example.org,Other,East Wayneport,2026-01-07
U384,Natalie Collins,tracy75@example.net,Other,South Gabriel,2024-05-04
U385,Emily Alexander,christine93@example.net,Other,West Jennifer,2025-07-24
U386,Samuel Cline,brianwilson@example.com,Female,North Ashley,2024-03-22
U387,Hannah Luna,dayalexandra@example.com,Male,Taylormouth,2025-12-11
U388,Chloe Reilly,kirkjessica@example.org,Male,East Olivia,2025-03-30
U389,William Mckay,bowenrobert@example.net,Female,Katherinestad,2024-12-03
U390,Lindsay Thompson,christinafoster@example.net,Female,Port Antonioton,2025-05-02
U391,Lauren Fuller,nicholassweeney@example.net,Male,Kellyville,2025-12-27
U392,Jenny Garcia,yweber@example.org,Female,Sandraton,2025-06-06
U393,Jasmine Johnson,xtaylor@example.org,Male,Jonathanburgh,2024-08-20
U394,Jesse Peterson,umccoy@example.com,Other,Georgeview,2025-08-22
U395,Margaret Lopez,georgewilliam@example.org,Male,Lopezbury,2024-05-18
U396,Veronica Chen MD,rodriguezwilliam@example.com,Female,Richland,2024-11-15
U397,Heather Pierce,reidamber@example.net,Female,Carrilloberg,2026-01-15
U398,Jose Alexander,jonesjennifer@example.com,Female,West Karenside,2025-01-09
U399,Kevin Bailey,alexandernelson@example.com,Female,Port Laura,2025-01-06
U400,Sonya Patel,combsgeorge@example.org,Female,Gomezchester,2024-06-11
U401,Kayla Schroeder,megandixon@example.org,Male,South Stephanieport,2025-09-02
U402,Terri Gray,elliottjames@example.org,Male,East Ericaside,2025-10-16
U403,Jeanette Lewis,robinsonmeagan@example.com,Other,South Maryborough,2025-02-08
U404,John Ross,qtaylor@example.net,Other,Jerryton,2025-02-21
U405,Mckenzie Sharp,afrey@example.net,Male,Kimhaven,2025-09-06
U406,Roger Thomas,rodriguezmatthew@example.com,Male,Port Anthonyland,2024-03-22
U407,Stephanie Warner,kevin24@example.net,Female,Lake Emma,2024-05-06
U408,Brittany Pacheco,scottdodson@example.org,Other,Lopezborough,2026-01-21
U409,Angela Turner,lmelton@example.com,Male,Lake Maryfurt,2025-04-10
U410,Donald Cervantes,moodydalton@example.com,Female,New Marieport,2024-04-02
U411,Christian Schroeder,joseph70@example.net,Male,South Joshuaberg,2025-10-29
U412,Sarah Jones DDS,djordan@example.net,Female,Michaelmouth,2025-10-24
U413,Jennifer Taylor,ian54@example.net,Other,Maryville,2026-01-04
U414,Eddie Thomas,shannoncain@example.com,Male,East Richardtown,2025-04-16
U415,Richard Mccoy,michaelwells@example.com,Female,Michaelberg,2025-04-16
U416,Lori Thompson,williammorrow@example.com,Other,Lake Rachaelborough,2025-10-08
U417,Anne Henderson,dryan@example.org,Female,West Tammy,2025-03-21
U418,Dr. Juan Wilson,xmelton@example.net,Male,East Carolyn,2025-05-25
U419,Melissa Tyler,cwiley@example.net,Other,Laurenmouth,2024-06-06
U420,Virginia Castillo,thompsonjennifer@example.org,Female,New Michelleborough,2024-09-03
U421,Robert Henry,john29@example.org,Female,West Andrew,2024-12-16
U422,Billy Villarreal,dpreston@example.com,Female,Deniseton,2024-10-10
U423,Jennifer Adams,iclements@example.com,Other,New Mary,2024-04-16
U424,Gerald Williamson,qtaylor@example.com,Male,Kellytown,2025-05-21
U425,Michael Carroll,christophersherman@example.org,Other,East Timothyland,2025-12-13
U426,Curtis Short,tiffany76@example.org,Female,Christinaland,2024-03-15
U427,Heather Bradley,ccruz@example.org,Male,Andersonberg,2024-04-14
U428,Jerry Foley,james14@example.com,Male,East Kristinebury,2025-08-22
U429,Martha Bowen,oedwards@example.net,Female,Aguilarfort,2025-10-07
U430,Laura Estrada,georgerosario@example.org,Other,Port Linda,2025-06-30
U431,Amy Reyes,sheri40@example.org,Male,Bryantland,2024-08-01
U432,Kimberly Hamilton,derekhansen@example.net,Other,Susanmouth,2024-12-07
U433,Kayla Moore,zmurray@example.org,Male,Dwayneton,2024-10-22
U434,Traci Lopez,bpowell@example.net,Male,North Linda,2024-04-27
U435,Aaron Mccoy,brian85@example.com,Female,South Cynthia,2025-12-04
U436,Lee Padilla,erica13@example.com,Male,Heatherside,2024-08-01
U437,Frederick Williams,julie29@example.net,Female,Christopherchester,2024-03-17
U438,Lee Diaz,ysanchez@example.org,Female,Port Tom,2025-06-29
U439,Kathleen Quinn,tammy29@example.org,Female,New Sara,2024-07-27
U440,Kathleen Best,qrivera@example.net,Female,East Richardfurt,2025-05-22
U441,Robert Barnes,xwilson@example.org,Female,South Ashley,2025-01-12
U442,Duane Keller,colechristopher@example.com,Female,Joshuabury,2025-07-02
U443,Tiffany Farrell,danieldavid@example.org,Female,New Joshua,2025-06-16
U444,Alejandro Kaufman,armstrongmichael@example.com,Female,West Micheal,2024-06-24
U445,Rebecca Parker,harrisonterri@example.com,Female,Lake Ryan,2025-02-24
U446,Daniel Hernandez,amyvazquez@example.com,Male,Jonesville,2024-11-01
U447,Catherine Jacobs,xgreen@example.org,Female,New Hollyside,2025-05-27
U448,Robert Gross,beckystone@example.net,Male,East Emilyfurt,2024-08-31
U449,Eric Atkinson,lmcdonald@example.org,Female,Smithport,2025-02-24
U450,Peter Wang,sharris@example.net,Other,West Julianmouth,2024-08-04
U451,Bob Barajas,christina05@example.net,Female,Moralesland,2025-11-15
U452,Sharon Robles,brentpalmer@example.org,Female,South Elizabeth,2024-05-23
U453,Kenneth Sanders,nicoleroberts@example.com,Male,Michaelchester,2024-11-07
U454,Dana Foster PhD,halljeffery@example.com,Male,Port Wayneburgh,2025-07-31
U455,Evan Johnson,vrodriguez@example.net,Other,Andersonport,2024-11-12
U456,Joshua Lester,grahamsarah@example.net,Female,East Andreafurt,2024-12-14
U457,Bridget Pham,tlewis@example.org,Other,Michelleburgh,2024-10-11
U458,Becky Patterson,walkerjustin@example.org,Male,Samanthaside,2026-01-03
U459,Ryan Padilla,marissa53@example.org,Male,Petersonmouth,2024-05-16
U460,Heather Hatfield,andersonalyssa@example.com,Male,Chaneyview,2024-03-29
U461,Leslie Adams,pattersonmichael@example.com,Female,East Martin,2025-04-15
U462,Melissa Miller,dale59@example.com,Male,North Thomas,2024-12-21
U463,Megan Baker,daniel30@example.org,Female,North Toddport,2025-01-27
U464,Stephen Rivera,kathrynhicks@example.org,Other,Susanfurt,2025-07-27
U465,Scott Ortega,donnawilkins@example.com,Other,Richstad,2025-02-19
U466,Jorge Gonzalez,debbie88@example.com,Male,Christinashire,2024-04-02
U467,Jason Garza,dayjimmy@example.com,Other,Lake Tyroneburgh,2026-02-26
U468,Benjamin Hughes,lclark@example.com,Other,West Danielle,2025-02-18
U469,Nicole Larson,gary67@example.com,Other,Kathleenborough,2025-08-11
U470,Bryan Carter,afleming@example.net,Female,East Stevenfort,2025-10-18
U471,Austin Pruitt,lambrita@example.com,Female,Rogersstad,2025-01-14
U472,Monica Figueroa,jeremymartinez@example.org,Male,Taylortown,2025-09-15
U473,Lori Garcia,woodsjulie@example.net,Female,Brendafurt,2024-04-09
U474,Shawn Walters,clong@example.org,Other,Davilaside,2024-05-26
U475,Gregory Valentine,rsanchez@example.com,Other,Rojasberg,2025-06-18
U476,Jade Stokes,cmurray@example.org,Other,South Carmenport,2025-01-24
U477,Andrew Mcdaniel,jeremiahmendoza@example.net,Male,West Kristenchester,2024-12-26
U478,Kimberly Zavala,kristinarussell@example.com,Male,North Matthewborough,2025-02-22
U479,Shelly Green,anthony33@example.net,Other,Port Kenneth,2025-10-11
U480,Jennifer Johnson,petersonadam@example.net,Male,Hoffmanmouth,2025-11-09
U481,Carla Aguilar,gjackson@example.com,Other,South Toddburgh,2025-08-29
U482,Aaron Lee,nicole34@example.com,Female,New Darrellside,2024-08-13
U483,Richard Sullivan,kaylahensley@example.org,Female,Hallchester,2025-05-28
U484,Amanda Peterson,robertponce@example.com,Female,Davisshire,2025-08-06
U485,Harry King,chloerodriguez@example.com,Other,Stevenchester,2024-10-06
U486,Javier Delgado,jerrycoleman@example.org,Male,Delgadoville,2026-03-06
U487,Jane Spence,whiteelizabeth@example.org,Other,West Joshuaberg,2024-10-20
U488,Christy James,christinecross@example.org,Other,Port Meganport,2025-07-05
U489,Jeremy Bell,floresbianca@example.com,Female,Thompsonview,2025-03-23
U490,Heather Watson,dchapman@example.org,Other,East Tara,2026-01-08
U491,Patrick French,brooksmichael@example.org,Male,Vaughnhaven,2025-03-18
U492,Nicole Scott,waynesimmons@example.net,Male,Bellmouth,2024-04-05
U493,Sandra Forbes,michaelkerr@example.org,Other,Heidiburgh,2025-05-06
U494,Dylan James,tstephenson@example.com,Other,Thompsonport,2025-07-22
U495,Robert Velasquez,katherine25@example.net,Female,Rebeccamouth,2025-01-17
U496,Rhonda Huff,kelsey14@example.org,Female,Smithtown,2025-10-22
U497,Carrie Collins,stonetom@example.net,Male,North Jill,2025-06-03
U498,Joshua Clay,amandadelacruz@example.org,Other,South Caitlynchester,2024-09-29
U499,Kathy Brown,justinbrooks@example.net,Other,Knoxshire,2024-05-21
U500,Rachel Johnson,adavis@example.org,Other,Maxwellland,2025-11-16
U501,Mrs. Lisa Myers,walkeralicia@example.net,Other,Daughertytown,2025-06-03
U502,Stephen Acosta,robertwilliams@example.com,Other,Stephenhaven,2025-01-08
U503,Hannah Casey,daytheresa@example.com,Male,West Tiffanyburgh,2025-03-08
U504,Patricia Figueroa,nicole96@example.com,Female,Port Chelseachester,2024-07-07
U505,Jennifer Marsh,curtismegan@example.org,Female,South Kelsey,2026-03-02
U506,Jon Morgan,gonzalezadrian@example.net,Female,Port Kevin,2025-08-16
U507,David Perez,robinsonnicole@example.net,Male,Lake Joeport,2024-06-04
U508,Justin Hernandez,kcoleman@example.com,Female,North Donna,2026-03-06
U509,Margaret Wilson,austincollier@example.net,Other,Dennishaven,2024-08-06
U510,Eric Sullivan,qmorris@example.org,Female,North Amanda,2024-06-09
U511,Ronald Kemp,vellis@example.com,Other,Danielton,2024-09-01
U512,Edward Coleman,aguzman@example.net,Male,South Mary,2024-03-15
U513,Heather Smith,ftodd@example.com,Female,Millston,2024-09-13
U514,Susan Ellis,reyeslindsay@example.org,Female,Khanstad,2025-02-16
U515,Gregory Palmer,kimberlyperez@example.org,Female,Davisberg,2025-03-18
U516,David Ortega,jenkinsmelissa@example.net,Female,Terrellport,2024-10-22
U517,William Lopez,edwinmatthews@example.com,Other,Huntershire,2024-11-07
U518,Robert Werner,qconway@example.org,Other,East Dawn,2025-02-14
U519,Tiffany Hendrix,mary54@example.com,Other,North Ethanport,2026-02-21
U520,William Clayton,nelsonkaren@example.com,Female,North Frankton,2025-06-23
U521,Kristi Garcia,renee31@example.com,Other,South Maryton,2026-01-26
U522,Ricardo Conley,darrellrobinson@example.net,Male,New Albert,2025-03-13
U523,Mary Chan,markdavis@example.com,Female,West Andreaville,2024-12-21
U524,Kenneth Bates,jenkinsemily@example.org,Other,Coxville,2025-06-09
U525,Timothy Lane,porterjason@example.net,Male,Jenniferton,2024-03-21
U526,Jodi Hawkins,jennifersmith@example.net,Female,Port Samantha,2025-02-13
U527,Kevin Smith,markarmstrong@example.com,Male,Port Tiffany,2025-02-13
U528,Crystal Hanson,bonillasarah@example.net,Other,Thomasberg,2025-04-02
U529,Ashley Wang,davidreynolds@example.org,Male,West Stephen,2025-02-10
U530,Phillip Dunn,mcclainfrank@example.net,Other,Martinezmouth,2025-06-26
U531,Andrea Johnson,donna28@example.org,Female,Bentleystad,2025-03-18
U532,Christian Walter,megan09@example.org,Other,Mitchellburgh,2024-11-03
U533,Patrick Valdez,nhoward@example.com,Other,North Marcus,2025-09-25
U534,Joanna Knight,ycabrera@example.com,Female,Hawkinsbury,2025-11-27
U535,Omar Palmer,edwardsjonathan@example.net,Other,New Joshua,2025-05-10
U536,Joel Ryan,qhartman@example.net,Female,West Kathleenberg,2024-12-18
U537,Rodney Brennan,ronald81@example.net,Female,Mariamouth,2024-04-28
U538,Jennifer Thomas,monica61@example.org,Female,Christinehaven,2025-12-19
U539,Jessica Gordon,erin10@example.org,Other,Juliamouth,2025-07-27
U540,Steve West,santosscott@example.org,Female,Lake Deniseton,2025-02-06
U541,Michael Martin,brittanyhuynh@example.net,Female,South Jennifer,2024-08-28
U542,Jasmine Thompson,xevans@example.com,Other,Lake Lauraland,2026-01-29
U543,Donna Carr,dbrown@example.org,Other,North Robynmouth,2024-05-05
U544,James Foster,qmoreno@example.net,Other,New Andrew,2025-07-28
U545,Steven Cole,walljoseph@example.com,Other,South Meaganville,2024-05-19
U546,Randy Park,donaldwilliams@example.com,Other,North Pamela,2025-06-21
U547,William Steele,ykaufman@example.net,Male,Sarahhaven,2024-04-08
U548,Regina Craig,john78@example.org,Male,New Derekchester,2025-02-13
U549,Cameron Irwin,jkennedy@example.net,Female,Brianbury,2025-11-30
U550,Bryce Murray,ryan63@example.org,Male,West Jenniferbury,2025-02-16
U551,Grace Bennett,hansenchelsea@example.net,Male,East Carrie,2025-03-22
U552,Brenda Butler,mjefferson@example.org,Other,Herreramouth,2024-08-25
U553,Kathryn Flores,paulhoffman@example.org,Male,New Lisa,2025-10-06
U554,William Rose,fernandezstephanie@example.com,Male,Port Johnmouth,2024-09-08
U555,Emily Johnson,brian86@example.net,Female,Port Tammyberg,2026-01-26
U556,Rebecca Trujillo,kellitaylor@example.net,Male,Sandratown,2024-11-30
U557,Brian Duncan,lbooth@example.org,Other,Sarahchester,2025-02-10
U558,Michael Donovan,marcusthompson@example.org,Other,Alvinbury,2025-03-12
U559,Tammy Lopez,udoyle@example.org,Female,Mcknightberg,2025-11-25
U560,William Ochoa,david98@example.com,Other,Vanessachester,2025-07-05
U561,Jesse Murray,barberchristopher@example.net,Other,Billyview,2025-02-23
U562,Kevin Sullivan,johnsonjimmy@example.net,Male,Stacystad,2025-12-20
U563,Anthony Patterson,nathanday@example.org,Female,Owensberg,2025-01-07
U564,Tasha Harris,warnerkatie@example.org,Other,Jamesville,2024-03-28
U565,Sarah Park,luisoneal@example.com,Female,Josetown,2025-04-10
U566,Donald Moore,blackjohn@example.com,Female,Tonyaland,2025-04-09
U567,Anthony Rodriguez,williamstiffany@example.com,Other,Port Jason,2025-01-26
U568,Matthew Ellison,flynnjoanna@example.net,Male,West Ashleyville,2025-11-06
U569,Matthew Mccarty,millersarah@example.net,Male,Lisaborough,2024-08-24
U570,Travis Aguirre,jamesmitchell@example.org,Male,Rojasville,2024-04-29
U571,Christopher Newman,martinezhannah@example.net,Male,West Nataliebury,2025-05-06
U572,Jennifer Pena,pinedaamy@example.org,Other,East Brandon,2024-10-11
U573,Grace Brown,amandacole@example.net,Other,Robertville,2024-04-28
U574,Maria Edwards,davidmorales@example.com,Female,Michellefurt,2024-09-13
U575,Cynthia Anderson DVM,nicolewalker@example.net,Male,Port Debraville,2025-03-14
U576,Lori Blair,frankturner@example.com,Female,West Kennethland,2024-08-12
U577,Michael Powell,pierceerica@example.net,Female,Jeffreyburgh,2025-10-03
U578,Courtney Wise,qgomez@example.com,Male,Ericside,2025-12-10
U579,April Moore,elizabeth45@example.com,Female,West Karen,2026-02-10
U580,Daniel Lawson,rebekahcarlson@example.org,Male,West Connieshire,2026-01-06
U581,Melanie Turner,samanthascott@example.net,Female,East Cynthiabury,2025-08-16
U582,Kayla Weaver,aaronbailey@example.com,Male,Davieston,2025-01-15
U583,Robert Greer,gdoyle@example.org,Male,North Joseph,2024-06-03
U584,Adam Oliver,justin54@example.com,Male,Craigfort,2025-08-11
U585,Todd Wilkerson,christina83@example.net,Male,North Adam,2025-08-04
U586,Candace Morris,josephbridges@example.org,Other,Pricehaven,2025-02-28
U587,Brooke Garcia,douglasamanda@example.net,Male,West Tylermouth,2026-03-09
U588,John Russell,christian60@example.org,Female,Jonathantown,2024-09-10
U589,Sarah Lewis,kelli90@example.com,Male,Glennbury,2025-09-21
U590,Thomas Holmes,kathrynreyes@example.com,Other,Colleenberg,2024-03-14
U591,Katie Chambers,angelbennett@example.org,Other,Millerview,2026-01-07
U592,Margaret Rice,tracey21@example.net,Female,Port April,2025-10-15
U593,Jo Wong,sandrawright@example.net,Female,Johnstonstad,2024-06-04
U594,Alexis Mercer,kelseyking@example.net,Male,West Patricia,2025-05-24
U595,Robert Mckinney,durhamwilliam@example.org,Other,Arielburgh,2025-08-19
U596,Martha Velasquez,proctorpatricia@example.org,Male,Lake Michaelhaven,2025-09-22
U597,David Leach,hbarker@example.com,Female,South Donnaville,2024-04-23
U598,Deborah Wagner,kimberlycarroll@example.com,Male,Reevesland,2025-04-08
U599,Alec Rivera,robert88@example.net,Male,East Mary,2025-07-14
U600,Trevor Knight,teresaadams@example.net,Male,Sancheztown,2024-09-26
U601,Michael Koch,tonydowns@example.org,Female,Lake Travisview,2026-02-19
U602,Spencer Aguilar,christina08@example.org,Male,Kennethshire,2024-08-11
U603,Steven Jones,dwang@example.com,Female,Christinaberg,2024-07-29
U604,Becky Wilkins,manuel58@example.net,Female,South Sonyafurt,2024-10-11
U605,Paul Eaton,woodssamantha@example.com,Male,North Jennifer,2024-05-05
U606,Ryan Rowe,thomas12@example.com,Other,West Ryanland,2024-07-25
U607,Jeffrey Olson,elizabethdowns@example.org,Other,Theresafort,2024-12-15
U608,Matthew Sanders,kimberlybailey@example.com,Other,Serranoview,2024-04-14
U609,Randall Smith,nicole38@example.com,Male,South Kevinbury,2024-12-14
U610,Mr. Timothy Hampton,qphillips@example.net,Male,New Veronicamouth,2026-01-17
U611,Angela Hoffman,gmiller@example.net,Other,Bellport,2026-02-19
U612,David Mitchell,carpenterbenjamin@example.com,Other,Port Leonardville,2024-09-10
U613,Steve Henry,joseph72@example.net,Male,New Keith,2025-04-02
U614,James Orr,tyrone00@example.net,Male,Patriciaburgh,2024-11-25
U615,Dorothy Vazquez,ashleylarsen@example.com,Other,Port Richard,2024-10-24
U616,Chloe Williams,mirandamitchell@example.org,Other,North Michelle,2026-01-16
U617,Michael Robertson,donnalopez@example.com,Male,Scottfort,2024-11-19
U618,Mark Gardner,avasquez@example.net,Other,South Jamie,2026-03-05
U619,Hannah Sexton,elliscourtney@example.net,Female,South Jason,2025-07-15
U620,Charlene Martin,gina39@example.com,Male,Lake Adam,2025-04-29
U621,Frederick Rojas,thompsondavid@example.com,Female,Thomastown,2025-02-13
U622,Bradley Franklin,xsmith@example.net,Other,Port Michael,2024-08-22
U623,Kathryn Nash,fieldsmatthew@example.com,Female,South Karen,2025-08-25
U624,Megan Perez DVM,chavezrandy@example.com,Female,Floresside,2024-07-22
U625,Jeffrey Hampton,mikayla47@example.com,Female,Port Michaelport,2025-10-27
U626,Darren Mcgee,brooke45@example.org,Other,West Cynthia,2025-06-30
U627,Jessica Trujillo,karenluna@example.net,Other,New Michaelshire,2025-08-31
U628,Randy Colon,sarahgarner@example.org,Female,Lake Steven,2025-10-04
U629,Jose Turner,flynnjohn@example.net,Female,Rileymouth,2025-03-22
U630,Sara Harris,psavage@example.com,Female,Port Shawnaport,2025-08-19
U631,Patrick Mendoza,elizabeth45@example.net,Male,West Joshuahaven,2026-02-08
U632,Thomas Wright,kristinsmith@example.org,Female,Garciafurt,2025-12-31
U633,Stephanie Scott,onguyen@example.com,Female,West Cathy,2024-04-20
U634,Jacob Crawford,dakotasnow@example.net,Male,Theresaburgh,2025-05-31
U635,Alexandria Weaver,daniel35@example.org,Male,Lake Anna,2024-08-05
U636,Andrew Anderson,kyle02@example.com,Male,Hensleyfurt,2026-01-28
U637,Susan Brooks,stephanie54@example.org,Female,Adamfurt,2024-03-26
U638,Kelly Powell,dlewis@example.org,Other,Port Jennifer,2026-03-13
U639,Jessica Newman DDS,lbrooks@example.com,Female,West John,2026-01-03
U640,Rachel Jones,donnacantu@example.org,Other,Port Johnberg,2024-05-27
U641,Mary Martin,fmartin@example.net,Male,North Patriciahaven,2025-08-21
U642,Hannah Rosario MD,alicia25@example.org,Male,North Mary,2025-09-30
U643,Randy Smith,brownderrick@example.org,Female,Christopherchester,2025-12-11
U644,Ms. Jennifer Charles MD,ortegamichelle@example.net,Other,Thomasmouth,2025-11-09
U645,Kimberly Hampton,bgould@example.net,Male,Silvaton,2024-05-17
U646,Todd Reilly,tina15@example.net,Female,South Susanstad,2025-11-07
U647,Anna Thompson,rodriguezchristian@example.com,Other,West Joshua,2025-11-23
U648,Connor Taylor,sandranoble@example.org,Female,Freemanville,2024-06-30
U649,Tiffany Phillips DDS,taylor43@example.com,Other,Levineland,2024-05-14
U650,Lisa Graves,jessicahawkins@example.org,Male,Port Williamburgh,2024-06-15
U651,Mary Wilson,luisbauer@example.org,Male,Lake James,2025-12-09
U652,Andrew Murphy,john20@example.net,Female,South Jenniferstad,2025-12-17
U653,Charles Green,fullerlucas@example.org,Female,East Leah,2026-03-11
U654,Alyssa Caldwell,nicholassmith@example.net,Male,South Kimberlyburgh,2024-06-02
U655,Rickey Davidson,qnewman@example.com,Male,South Brucehaven,2025-08-13
U656,David Clay,jessicasanders@example.org,Other,East Sherry,2024-06-04
U657,Casey Jackson,christinawatkins@example.com,Female,South Randall,2024-12-05
U658,Cassandra Moody,reidcaitlin@example.net,Female,Millerfurt,2025-10-01
U659,Vickie Bass,hansenstacy@example.org,Other,Garrisonbury,2025-02-28
U660,James Phillips MD,nespinoza@example.com,Other,Maryview,2025-06-04
U661,Ryan Ward,hlamb@example.org,Male,North Angela,2024-07-04
U662,Molly Briggs,amyarmstrong@example.net,Female,Port Adam,2025-11-13
U663,Pamela Lawrence,andreacalderon@example.com,Female,East Jesse,2024-07-19
U664,Sarah Payne,browncharles@example.net,Female,Port Michaelland,2025-05-23
U665,Jacob Reed,bball@example.net,Male,East Erin,2024-08-18
U666,Donna Monroe,jamesbrowning@example.com,Male,Port Rebeccabury,2024-12-12
U667,Luis Cox,xfoley@example.com,Other,Kylebury,2025-12-17
U668,Michelle Chapman,rfischer@example.org,Female,Walkerberg,2025-05-08
U669,Brandon Casey,cjenkins@example.org,Male,Johnsonstad,2024-05-17
U670,Kyle Hart,hchavez@example.net,Female,Thomashaven,2024-07-26
U671,Craig Ford,osborngregory@example.com,Other,Lake Nicholasborough,2025-04-04
U672,Monica Jones,lprice@example.com,Other,South Justin,2025-08-06
U673,Alexis Lynch,kathleenmoore@example.com,Male,Port Robin,2024-10-01
U674,Donna Gross,richard78@example.org,Male,Butlerhaven,2025-05-23
U675,James Alvarez,wreyes@example.com,Male,Sophiafort,2024-09-18
U676,Jeremiah Hawkins,phoward@example.com,Male,Alexanderchester,2025-05-07
U677,Jamie Hart,pevans@example.net,Other,Phillipberg,2024-04-27
U678,Lisa Walters,tannermichael@example.net,Male,Port Christopherfort,2024-12-14
U679,Jennifer Wu,bradleychristopher@example.org,Male,New James,2025-10-24
U680,Christopher Frazier,irichards@example.com,Other,Cindyhaven,2026-01-05
U681,Victoria Dominguez,lwise@example.net,Female,Lindaberg,2025-10-02
U682,Elizabeth Davidson,thomasboyd@example.com,Male,Charlesport,2025-09-07
U683,Bradley Harris,elizabeth19@example.com,Other,Port Andreafurt,2025-01-29
U684,Stephen Webb,montoyalisa@example.com,Other,New Tracyville,2025-11-04
U685,Misty Clarke,jwilson@example.com,Male,Tylerstad,2026-01-30
U686,Jason Koch,bryantrachel@example.net,Male,Lake Jillborough,2025-11-09
U687,Mr. Garrett Gray,ferrelljulie@example.org,Female,Chanport,2025-05-28
U688,Jacob Bates,kristy16@example.org,Other,Orrberg,2025-10-15
U689,William Weber,barbara80@example.net,Female,Bradyton,2025-04-20
U690,Richard Murphy,martinjeffrey@example.org,Other,Jennaside,2025-09-06
U691,Martin Jimenez,rhicks@example.com,Female,Anthonymouth,2026-01-25
U692,Kevin Hernandez,jennifer15@example.com,Other,Emilyberg,2024-06-02
U693,Vanessa Smith,vguerrero@example.com,Male,Deborahfurt,2024-03-29
U694,David Burton,gwoodward@example.net,Male,West Brandy,2025-09-16
U695,Stephanie Booker,rnelson@example.com,Other,Darrellhaven,2024-10-10
U696,Dawn Garner,kimberly96@example.com,Male,Edwardhaven,2024-04-20
U697,Shawn Smith,ecox@example.org,Other,West Emmastad,2024-11-10
U698,Benjamin Smith,stephaniethomas@example.com,Female,New Amy,2025-04-19
U699,Troy Frazier,cbrown@example.net,Female,West Angelica,2025-10-27
U700,Michelle Bailey,marc48@example.com,Other,Reedburgh,2024-09-25
U701,Jordan Hawkins,qrichardson@example.net,Female,Hardyton,2025-06-03
U702,Michael Cox,usmith@example.net,Other,South Brandonshire,2025-02-01
U703,Matthew Wang,janice33@example.net,Other,West Matthew,2025-02-24
U704,Heather Brooks,rgonzalez@example.net,Male,Ashleyview,2024-11-05
U705,Jessica Villarreal,logan88@example.org,Female,Matthewsmouth,2025-06-04
U706,Kyle Mitchell,harrisnancy@example.org,Other,Flynnview,2024-10-24
U707,Janice Shelton,johnsonjennifer@example.net,Female,South Ryanville,2026-02-02
U708,James Pena,brettrodriguez@example.org,Female,Hernandezmouth,2025-06-14
U709,Charles Greene,michael03@example.com,Other,Emilyborough,2025-08-26
U710,Patrick Mcgee,ariana45@example.org,Male,Darrellhaven,2025-03-18
U711,Cheryl Little,jensenjohn@example.org,Male,Tiffanyhaven,2024-07-31
U712,Heather Brown,josephlee@example.com,Other,Penaport,2024-12-27
U713,Michael Ford,yellis@example.com,Other,Lake Paige,2026-03-08
U714,Linda Ortiz,simmonswilliam@example.net,Other,Lake Angelica,2025-10-15
U715,Roberto Cook,anthony86@example.org,Female,Port Stephanie,2024-12-05
U716,Raven Harris,smithmichelle@example.org,Female,Lopezhaven,2025-04-06
U717,Melissa Harris,anthonyrobert@example.net,Female,North Jason,2024-07-31
U718,Teresa Myers,colleengraham@example.org,Female,Lawsonshire,2026-01-06
U719,Lisa Burns,zachary38@example.com,Female,West Jamesville,2025-04-17
U720,David Ramirez,nsmith@example.org,Female,Gordonchester,2025-01-05
U721,Lisa Allen,josephdenise@example.org,Female,West Jefferyshire,2024-09-13
U722,Ashlee House,hintonsherry@example.net,Male,South Sarah,2024-03-31
U723,Shane Tucker,stevensloan@example.net,Female,Port Calvin,2025-05-27
U724,Julie Goodman,molinaalexander@example.org,Female,West Laura,2025-03-18
U725,Stephanie Richard,jasonrodgers@example.org,Other,New Davidview,2024-11-03
U726,Robert Brown,timbarker@example.com,Other,Andersonfort,2025-01-06
U727,Christopher Lawson,david74@example.net,Other,West Andrewhaven,2026-01-11
U728,Caleb Clark,megan54@example.net,Other,Lynchchester,2024-12-01
U729,Seth Wallace,michael21@example.org,Other,East John,2024-05-12
U730,Megan Myers,melissa34@example.com,Female,Joyberg,2025-10-26
U731,Richard Burke,amyrobles@example.org,Male,Castillofort,2025-02-25
U732,Carolyn Howe,maxwelldawn@example.org,Female,Mariahborough,2025-08-05
U733,Eric Wong,regina91@example.com,Male,Comptonfort,2024-10-09
U734,Joseph Roberts,travis59@example.net,Female,North Anna,2025-05-18
U735,Teresa Blake,alisonmorris@example.net,Other,Jeremyborough,2025-02-20
U736,Misty Miller,devinward@example.org,Female,Lake Nathanshire,2024-12-18
U737,Brian Webster,jonathan57@example.org,Female,West Joanna,2025-11-17
U738,Jeremy Schaefer,bdillon@example.org,Male,Laurenburgh,2026-01-12
U739,Nathaniel Burns,michelle89@example.org,Other,Washingtonton,2025-07-26
U740,Anthony Williams,awatson@example.org,Female,Anthonybury,2025-01-23
U741,Gary Ellis,jordan67@example.com,Male,Murphyberg,2025-10-04
U742,Cindy Duke,collinsshannon@example.org,Female,Port Chad,2025-10-09
U743,Steven Cunningham,hansontiffany@example.org,Other,Laurieport,2024-10-24
U744,Tracy Weeks,hullcatherine@example.net,Other,South Dustin,2025-02-11
U745,Michael Bray,ylopez@example.org,Other,South Janiceberg,2025-03-21
U746,Danielle Crawford,michaelduffy@example.org,Male,Christinafort,2025-10-19
U747,Ann Miller,randall50@example.com,Female,Edwardville,2025-03-05
U748,Melissa Wright,stephanie00@example.org,Female,North Chadburgh,2025-08-04
U749,Joe Smith,shannon49@example.net,Male,Michaelport,2024-04-04
U750,Jason Davis,qscott@example.org,Other,East Evanside,2024-11-20
U751,Danielle Perry,stevenward@example.org,Other,New Lisabury,2024-05-31
U752,Nicole Fisher,cookzachary@example.org,Female,Riveraberg,2025-09-12
U753,Ann Lara,heather43@example.com,Other,New Timothyville,2024-10-08
U754,Sara Ramos,sharon44@example.net,Female,Andreaview,2025-08-15
U755,Sarah Trujillo,william34@example.net,Male,Lucasshire,2025-10-17
U756,Kelly Daniels,dawnadams@example.net,Male,North Patricia,2024-09-08
U757,Christina Smith,elizabethblack@example.org,Other,Davidview,2025-07-07
U758,Nathaniel Medina,bprice@example.com,Male,Jennifermouth,2024-12-20
U759,Natalie Thomas,heatherhernandez@example.org,Female,East Cassandra,2025-02-24
U760,Andrew Brown,maynardjohn@example.net,Male,South Nicholastown,2024-07-13
U761,Gordon Hernandez,odavis@example.org,Male,Johnsonview,2024-07-02
U762,Lisa Wallace,hunter28@example.org,Female,Rachelland,2025-02-18
U763,Megan Simpson,james27@example.com,Female,New Crystalfurt,2024-09-18
U764,Angela Massey,angelasmith@example.com,Male,Desireefurt,2026-01-23
U765,Joshua Rice,dpugh@example.org,Other,East Jesse,2025-03-09
U766,Anna Park,danieldiaz@example.com,Male,New Stephenfurt,2026-02-16
U767,Carol Martin,singhricky@example.net,Female,Rodriguezburgh,2026-03-11
U768,Colleen White,ykim@example.com,Female,West Georgechester,2025-02-17
U769,Kiara Aguilar,jocelynzimmerman@example.org,Female,Lake Brianburgh,2025-04-05
U770,Kathleen Taylor,jimmybowman@example.net,Other,Andersonchester,2025-10-07
U771,Cody Obrien,danielriggs@example.net,Other,North Susanmouth,2025-02-18
U772,Kristin Flores,ashleyramirez@example.org,Female,West Christinamouth,2025-08-11
U773,Todd Clark,maryvelez@example.org,Female,New Elizabeth,2026-02-25
U774,Steven Reed,iholder@example.com,Other,Thomasshire,2025-11-16
U775,Michael Martinez,wjoseph@example.net,Female,East Lauratown,2025-04-10
U776,Kimberly Castillo,jean58@example.com,Female,Kimfort,2025-04-01
U777,Gregory Gill,yfernandez@example.com,Male,Troyton,2025-11-16
U778,Taylor Miller,deniseholden@example.org,Other,North Timothy,2025-12-21
U779,Denise Smith,kendra61@example.com,Female,Lake Christopher,2025-04-21
U780,Sara Lopez,greeneerin@example.org,Other,Hernandezton,2025-06-06
U781,Paul Lyons,rhaynes@example.com,Other,South Richard,2024-08-07
U782,Katelyn Fischer,curtispamela@example.com,Male,West Lisa,2025-02-19
U783,Stephanie Fisher,ryan27@example.org,Male,Martinside,2025-04-08
U784,Samantha Cooper,beannoah@example.org,Female,West Patrickton,2025-11-13
U785,Joseph Collins,franklinkimberly@example.org,Male,South Erikshire,2024-07-05
U786,Brian Proctor,swhite@example.net,Other,North Nathanton,2024-10-25
U787,Nathaniel Stafford Jr.,kellyfox@example.net,Male,North Lisa,2026-02-02
U788,Daniel Knapp,fcarter@example.com,Female,South Aaron,2025-09-14
U789,Nicolas Dennis,christy18@example.org,Female,East Deniseside,2025-11-24
U790,Joan Harris,johnwoods@example.net,Other,Karenshire,2024-06-08
U791,Andrew Weaver,ashley44@example.net,Male,Lanceberg,2026-03-03
U792,Ashley Cox,calderonbrandon@example.com,Male,West Veronica,2025-01-25
U793,Kyle Matthews,waltersjamie@example.org,Male,Lake Kellishire,2025-02-22
U794,Brian Keller,amanda29@example.org,Male,Port Kennethhaven,2025-09-23
U795,Christy Mitchell,jamesbowen@example.org,Female,Port Mitchell,2024-10-02
U796,Bryce Chavez,cjimenez@example.com,Female,South Aaron,2025-06-10
U797,Maria Willis,pevans@example.org,Other,Deckerfurt,2024-05-11
U798,Kevin Griffith,brian26@example.net,Other,Andrewchester,2024-08-12
U799,Nicole Pierce,dhuang@example.com,Other,Codybury,2024-08-08
U800,Michael Lucas,amypreston@example.net,Other,Walshville,2025-05-30
U801,Ann Snyder,romerobobby@example.com,Female,Mariaside,2024-11-15
U802,James Byrd,codygentry@example.com,Female,East Cynthiahaven,2025-04-05
U803,Julie Johnson,brent53@example.net,Female,South John,2024-10-14
U804,Susan Colon,kyle91@example.net,Male,Charlesport,2025-06-19
U805,Hannah Bell,ejohnson@example.com,Female,East Kaitlynton,2024-05-02
U806,Christina Potter,christina83@example.org,Male,Sanchezport,2025-10-22
U807,Susan Bell,antoniojones@example.com,Male,Rosshaven,2024-06-01
U808,Steven Johnston,carly17@example.org,Male,East Lisahaven,2024-12-17
U809,Jordan Randolph,mcraig@example.org,Female,Michaelfort,2024-05-25
U810,Julia Vargas,cstephens@example.com,Male,Nealburgh,2026-01-01
U811,Daniel Phillips,carolynmyers@example.org,Other,Lake Bryan,2025-06-09
U812,Wanda Parsons,logancraig@example.com,Male,Rodriguezmouth,2025-07-12
U813,Robert Diaz,autumnramsey@example.net,Female,South Jesseshire,2025-05-24
U814,Cynthia Bennett,qlewis@example.net,Male,Gabrielaton,2024-10-28
U815,Miranda Jackson,wadecheryl@example.com,Male,North Vincentmouth,2024-12-06
U816,Joshua Wilson,janice92@example.net,Other,Pierceland,2025-01-12
U817,Grace Burke,beckmiguel@example.net,Other,East Lisafort,2025-03-10
U818,James Weiss,qhorton@example.net,Female,East Chasefurt,2024-06-28
U819,Michael Ferguson,singhdiane@example.com,Other,Lopezville,2025-08-29
U820,Lindsay Ellis,judithallen@example.org,Male,West Barbara,2024-09-03
U821,Jesse Adams,vgutierrez@example.com,Other,Brownhaven,2025-01-14
U822,Casey Mathews,anne95@example.com,Other,Riostown,2024-09-19
U823,Brandon Taylor,collinsalexander@example.com,Male,North Debraton,2026-01-15
U824,Jennifer Parrish,carladavenport@example.org,Male,Carterborough,2026-03-13
U825,Henry Jones,afischer@example.com,Female,Andersentown,2024-08-28
U826,Erik Jones,asingleton@example.net,Female,North Feliciaburgh,2025-03-03
U827,Emily Vaughn,tyler75@example.org,Male,South Julieshire,2024-09-12
U828,Mary Adams,evasquez@example.org,Male,New Cynthia,2024-11-01
U829,Sherry Michael DDS,hudsonmercedes@example.org,Other,East Jeffrey,2025-03-28
U830,Annette Munoz,mooretracy@example.net,Female,Port Frankton,2024-05-11
U831,Michael Contreras,curtis68@example.net,Other,Port Danielfurt,2025-08-27
U832,Lindsay Mullen,stevewilliams@example.com,Other,Vangview,2025-01-21
U833,Laura Castillo,john04@example.com,Female,New Stephaniestad,2026-03-05
U834,Kim Jones,jefferynorton@example.net,Female,Gutierrezport,2024-10-09
U835,Megan Lee,xlopez@example.com,Other,Jacquelineville,2025-04-30
U836,Kathleen Hernandez,chernandez@example.com,Male,Mejiaville,2024-04-22
U837,Pamela Simpson,barnesnathan@example.com,Male,New Janet,2025-02-04
U838,Isaac Williams,umejia@example.com,Male,Ramosbury,2026-01-19
U839,Andrea Donaldson,chapmanjustin@example.com,Male,Lake Elizabethhaven,2024-04-24
U840,Kayla Meza,oharris@example.net,Female,South Anitafurt,2024-05-22
U841,Mary Lee,wduncan@example.net,Male,West Ianburgh,2024-10-12
U842,Maria Harris,blackmichael@example.com,Other,North Larryport,2025-01-21
U843,Jamie Andrews,leonardrebecca@example.org,Other,West Bryan,2025-03-19
U844,Adam Mendez,fieldsdaniel@example.net,Other,Mariefurt,2026-03-11
U845,Julie Martin,steven46@example.net,Male,New Adrianamouth,2025-03-19
U846,Gary Grant,williamsdominique@example.org,Male,New Sherri,2025-08-29
U847,Dorothy Adkins,stewartkaren@example.com,Female,West Autumn,2024-06-11
U848,Danielle Mendez,scottjonathan@example.net,Other,Port Matthewfurt,2024-12-03
U849,Heather Cantu,jessica65@example.com,Female,New Michelle,2024-07-25
U850,Jesse Rivera,stephenkelly@example.net,Male,Dixonstad,2024-08-08
U851,Rhonda Case,josephporter@example.net,Male,New Jonathanton,2026-01-30
U852,Caitlin Kaufman,munozsheryl@example.net,Female,Benjamintown,2025-12-21
U853,Emily Murphy,ericpierce@example.org,Male,Nicoleside,2024-10-27
U854,James Alvarez,ochoasavannah@example.net,Female,South Jennifer,2025-12-15
U855,Dennis Harrison,george11@example.com,Other,South Tiffanyberg,2024-08-28
U856,Linda Hamilton,gabrielle15@example.com,Other,Lake Jennifer,2025-03-23
U857,Christopher Aguilar,dkaufman@example.com,Other,West Julia,2025-03-26
U858,Patty Alvarez,john15@example.net,Female,Sharptown,2025-10-02
U859,Sydney Swanson,andrewlevy@example.net,Other,Lake Rogerborough,2024-03-14
U860,Crystal English,ashleygillespie@example.org,Female,Lisafurt,2024-07-24
U861,Matthew Cameron,collinscharles@example.net,Other,North Kristinahaven,2025-07-06
U862,David Marks,lawrencejames@example.net,Female,Joshuaville,2025-03-29
U863,Donald Cruz,tamarajones@example.org,Other,Lake Randyberg,2024-10-31
U864,William Gilbert,holmescynthia@example.org,Other,Albertfurt,2024-06-25
U865,Nathan Davis,baileysmith@example.org,Other,Danielchester,2024-06-23
U866,Douglas Manning,jensenjennifer@example.net,Female,Christinashire,2024-09-20
U867,Jordan Lewis,rachelsmith@example.org,Male,Lake Matthew,2025-01-14
U868,Yvonne Collins,lstone@example.org,Female,South Jackiefort,2024-10-14
U869,John Cooke,james56@example.net,Male,South Stacey,2025-12-16
U870,David Esparza,nsaunders@example.org,Male,Santosport,2026-02-10
U871,Andrew Dodson,fmcclure@example.com,Female,Annetteland,2024-05-21
U872,Mrs. Lisa Patterson,martinbauer@example.net,Other,South Rachelchester,2026-01-11
U873,Anthony Robertson,paulnelson@example.org,Other,Jayshire,2026-01-24
U874,Sandra Phillips,edward34@example.org,Other,Cooperberg,2025-06-06
U875,Barbara Johnson,carolyn18@example.org,Female,Seanborough,2024-12-30
U876,Susan Barnes,chanjenny@example.com,Male,Mullinsside,2024-06-12
U877,Brianna Johnston,rebecca61@example.net,Male,East Trevorshire,2024-09-15
U878,Kenneth Zhang,zellis@example.com,Male,East Tonyaburgh,2025-07-23
U879,Melissa Downs,xhaynes@example.net,Other,South Stephanieport,2026-01-17
U880,Kristen Hutchinson,jason65@example.net,Male,Vasquezmouth,2024-04-29
U881,Jaime Cummings,qbarrett@example.com,Female,Mckeemouth,2026-02-03
U882,Alyssa Clements PhD,dylan22@example.org,Other,Justinshire,2025-04-27
U883,Donald Wilkins,isimmons@example.net,Other,North Cathy,2024-08-01
U884,Brandon Jones,millerkevin@example.net,Male,South Jennifer,2024-06-25
U885,Jeremy Bailey,michael19@example.net,Male,South Christopher,2025-05-10
U886,Samantha Lane,codycamacho@example.org,Other,New Joseph,2025-03-25
U887,Alan Farmer,claytonhill@example.org,Other,Lake Alyssa,2025-07-07
U888,Morgan Lam,patrick23@example.com,Other,Jordanfort,2025-08-14
U889,Barbara Taylor,annette10@example.com,Male,Alexfort,2024-08-27
U890,Debbie Frazier,ucalderon@example.com,Female,East Michelleshire,2024-11-08
U891,Ms. Evelyn Marshall,peterhubbard@example.net,Male,Port Vincent,2024-05-24
U892,Kevin Frost,christina41@example.org,Male,Jennifershire,2025-04-08
U893,Gary Medina,hunter63@example.net,Female,Collinschester,2024-06-25
U894,Ashley Anderson,richard39@example.net,Male,South William,2025-07-06
U895,Warren Molina,angela39@example.com,Female,Carterton,2024-06-20
U896,Stacey Simmons,whitekayla@example.net,Female,Port Matthewland,2024-07-21
U897,Kristin Boyd,robrien@example.com,Female,Pettychester,2024-09-05
U898,Becky Christensen,beasleysarah@example.com,Female,North Laura,2025-01-15
U899,Emily Stephenson,garrett37@example.com,Male,Robertbury,2025-08-25
U900,Tracy Johnson,ajuarez@example.com,Male,Stoutton,2025-04-09
U901,Amanda Fields,jasminegarcia@example.com,Female,Rebeccaville,2025-07-28
U902,Timothy Allen,qpeters@example.net,Other,Ramirezborough,2024-08-17
U903,Tiffany Wright,yrichardson@example.net,Other,Wrightburgh,2024-08-30
U904,James White,catherine42@example.net,Female,Danielberg,2025-08-09
U905,John Morrison,chris04@example.org,Other,Port Laura,2025-07-02
U906,Elizabeth Barnes,joseph92@example.org,Other,Powellhaven,2024-07-20
U907,Alan Wise Jr.,robinparks@example.com,Other,North Theresamouth,2025-11-19
U908,Elizabeth Acosta,snyderdaniel@example.com,Female,West Tina,2025-05-19
U909,Henry Mitchell,torresmichael@example.org,Male,Lake Garrett,2024-08-03
U910,Susan Freeman,yvette99@example.net,Other,Amandahaven,2024-12-31
U911,Adam Pratt,kenneth51@example.com,Male,North Jasmine,2024-08-12
U912,Justin Diaz,mark22@example.net,Other,Port Ronald,2024-03-16
U913,Anthony Hale,simpsonjohn@example.com,Female,Stephaniebury,2025-04-23
U914,Jessica Jones,erinchen@example.net,Female,Port Elaine,2024-10-23
U915,John Lewis,wstrickland@example.org,Male,West Steventon,2026-01-01
U916,Anna Lewis,thomas29@example.org,Other,Stephaniemouth,2025-10-27
U917,Michael Moore,jonathon63@example.com,Female,Joshuaton,2025-04-03
U918,Taylor Villanueva,howarddarrell@example.net,Other,Michaelton,2025-12-22
U919,Dr. Ashley Cunningham,katherine13@example.net,Female,Goodwinville,2024-09-05
U920,Mackenzie Black,vparker@example.org,Other,North Scott,2024-11-26
U921,Rachel Austin,xthomas@example.net,Female,New Angelaland,2025-04-23
U922,Melanie Smith MD,clarkmichael@example.com,Male,New Ashleystad,2024-10-02
U923,Lindsay Berry,ramseytroy@example.com,Female,Brendaborough,2025-07-17
U924,Amber Pena,jennifer17@example.org,Male,East Erica,2024-11-14
U925,Breanna Pineda,christensensabrina@example.org,Other,Vargasfort,2025-11-05
U926,Carmen Gillespie,dillonamy@example.org,Male,West Robertberg,2026-01-05
U927,Joanne Rivas,tgonzalez@example.com,Female,New Diane,2024-09-15
U928,Michael Nelson,dparrish@example.net,Other,Keithfurt,2025-04-09
U929,Jessica Ross,iwilson@example.org,Female,Hopkinsborough,2025-04-27
U930,Jason Fisher,justin19@example.net,Male,West Anthonyberg,2025-11-27
U931,Emily Taylor,hoffmanglenn@example.net,Male,East Justinport,2024-07-29
U932,Patrick Johnson,gomezjoy@example.org,Female,Barkerton,2025-03-23
U933,Jennifer Martinez,greenkevin@example.org,Female,Robinsonshire,2025-03-12
U934,Erika Castillo,ihopkins@example.net,Other,Larsonview,2024-06-19
U935,Briana Robertson,thomasnichole@example.org,Male,Brownstad,2025-07-18
U936,Shawn Wagner,richard76@example.net,Other,North Vincent,2025-04-29
U937,Raven Sanchez,tamaraflynn@example.net,Female,Michelleview,2024-09-23
U938,Margaret Davenport,matthewcarey@example.org,Other,West Kathleenstad,2024-06-12
U939,Shelby Santiago,andrewchavez@example.com,Female,Adamland,2025-08-30
U940,Marcia Hernandez,armstrongjohn@example.com,Other,South Jennifer,2025-08-02
U941,Jennifer Pratt,vwest@example.com,Other,Lake Christian,2024-06-28
U942,Michael Carr,herrerajose@example.com,Other,South Michaelfurt,2025-09-25
U943,Angela Gomez,shelly32@example.com,Male,South Shannonside,2025-08-23
U944,Shannon Jones,melissanixon@example.org,Male,West Matthewchester,2025-10-16
U945,Sharon Montgomery,kallen@example.com,Female,Williamsstad,2025-03-11
U946,Jeanne Brooks,melissacombs@example.net,Other,Merrittfort,2025-07-19
U947,Kenneth Shelton,watkinscourtney@example.com,Male,Jenniferland,2025-02-27
U948,Stacy Donaldson,cunninghamdavid@example.net,Female,Bobbyview,2024-05-08
U949,Maria Gray,jessicaswanson@example.net,Male,North Richardshire,2024-04-24
U950,Gina King,natasha29@example.com,Other,Lake Teresa,2026-02-14
U951,Angela Blair,daisy25@example.net,Female,Basshaven,2025-05-02
U952,Craig Shaw,dickersonlarry@example.org,Female,West Raymondton,2025-06-01
U953,Melissa Perry,hjohnson@example.com,Male,Lake Elizabethborough,2024-07-19
U954,Tammy Davenport,xmclaughlin@example.org,Female,Lake Matthew,2025-06-08
U955,Claudia Orr,laurenchen@example.net,Other,Parkerstad,2024-06-07
U956,Janice Johnson,morrisamanda@example.com,Other,New Catherine,2025-02-14
U957,Robert Mann,dawngoodwin@example.net,Other,Lake James,2024-11-14
U958,Vanessa Ortiz,gmays@example.org,Other,Julieview,2024-03-16
U959,Kimberly Montes,tonycollins@example.net,Male,Jonathanbury,2025-06-18
U960,Sarah Parker,kristen87@example.org,Male,North William,2024-07-30
U961,Paul Trujillo,sharonmartin@example.org,Other,Timothyport,2025-04-05
U962,Nicholas Harrison,millsedward@example.com,Other,New Valerie,2024-10-09
U963,Steven Williams,michelle49@example.com,Female,East John,2024-09-20
U964,Jeremy Mahoney,reynoldsdeborah@example.net,Female,Munozville,2024-09-11
U965,Jeremiah Young,hsmith@example.org,Other,Doyleborough,2024-03-25
U966,Margaret Christensen,claytonscott@example.com,Male,New Shawnton,2026-02-05
U967,Jason Reeves,omarjones@example.com,Other,Jessicaberg,2025-02-14
U968,James Weaver,pamelajohnson@example.com,Female,North Katherine,2025-09-10
U969,Jamie Melendez,shellyevans@example.org,Female,Carolineburgh,2025-08-11
U970,Andre Burns,valentinenicole@example.com,Other,Castrobury,2024-08-25
U971,David Acosta,thomasmoore@example.net,Female,Port John,2024-04-12
U972,Thomas Castillo,josephcook@example.org,Female,Nicoleland,2024-11-01
U973,Alexis Myers PhD,andersonkathy@example.com,Female,Westshire,2025-12-02
U974,Deborah Sparks,zdominguez@example.org,Male,Lauriehaven,2025-04-24
U975,Brian Hunter DDS,jason30@example.net,Female,East Steven,2024-08-05
U976,Tammy Terry,stevebryant@example.net,Male,New Patrickstad,2026-02-03
U977,Sheila Simmons,brooke52@example.com,Female,Louischester,2025-06-15
U978,Michael Garcia,cervantesjoe@example.net,Other,Jessicafurt,2024-10-29
U979,Craig Hinton,dwatts@example.com,Male,Catherineton,2025-04-11
U980,Brian Mendez,martinezjennifer@example.net,Male,Port Donaldville,2025-04-21
U981,Kelly Mckay,alidanielle@example.org,Female,Shawville,2025-11-04
U982,Rodney Cain,jason53@example.net,Female,Lake Courtney,2025-11-02
U983,Steven Miranda,hilldustin@example.com,Female,Lake Amy,2025-10-18
U984,Robert Bass,gatesjohn@example.com,Male,New Josephport,2025-03-17
U985,Andrea Friedman,fosterjuan@example.net,Male,West Jessicaview,2025-05-18
U986,Michael Mack,zball@example.net,Male,Williamsside,2024-06-06
U987,Dawn Weeks,carpenterwendy@example.net,Other,New Jonathan,2024-03-14
U988,Eric Wright,juan35@example.com,Female,New Lisaland,2025-06-11
U989,Tony Wallace,josephblanchard@example.org,Other,Farrellmouth,2026-02-09
U990,Alexander Brown,sbeard@example.org,Male,Lake Katherineborough,2024-06-10
U991,Tiffany Atkins,sdickson@example.net,Male,Port Alanfort,2025-03-04
U992,Emily Jackson,pburgess@example.com,Female,North Davidland,2025-04-12
U993,David Walton,spencerjason@example.com,Other,Henryport,2025-12-12
U994,Eric Mcclain,daniel62@example.com,Other,Lewisland,2024-05-15
U995,Andrew Johnson,usimmons@example.com,Other,Garciaview,2025-04-22
U996,Christina Brown,privera@example.com,Male,New Christina,2025-09-06
U997,Shannon Diaz,fclark@example.com,Male,Kimberlymouth,2025-02-15
U998,Robert Scott,ismith@example.org,Female,New Markview,2025-01-25
U999,Shirley White,triciasmith@example.org,Other,Donnamouth,2025-04-07
